image_name,turning_angle
2025-06-13 22-49-43.png,0
2025-06-13 22-49-44.png,0
2025-06-13 22-49-45.png,0
2025-06-13 22-49-46.png,0
2025-06-13 22-49-47.png,0
2025-06-13 22-49-48.png,0
2025-06-13 22-49-49.png,0
2025-06-13 22-49-50.png,0
2025-06-13 22-49-51.png,0
2025-06-13 22-49-52.png,0
2025-06-14 14-06-49.png,0
2025-06-14 14-06-50.png,0
2025-06-14 14-12-46.png,0
2025-06-14 14-12-47.png,0
2025-06-14 14-12-48.png,0
2025-06-14 14-12-49.png,0
2025-06-14 14-12-50.png,0
2025-06-14 14-12-51.png,0
2025-06-14 14-12-52.png,0
2025-06-14 14-12-53.png,0
2025-06-14 14-12-54.png,0
2025-06-14 14-12-55.png,0
2025-06-14 14-12-56.png,0
2025-06-14 14-12-57.png,0
2025-06-14 14-12-58.png,0
2025-06-14 14-13-00.png,0
2025-06-14 14-13-01.png,0
2025-06-14 14-13-02.png,0
2025-06-14 14-13-03.png,0
2025-06-14 14-13-04.png,0
2025-06-14 14-13-05.png,0
2025-06-14 14-13-06.png,0
2025-06-14 14-13-07.png,0
2025-06-14 14-13-08.png,0
2025-06-14 14-13-09.png,0
2025-06-14 14-13-10.png,0
2025-06-14 14-13-11.png,0
2025-06-14 14-13-12.png,0
2025-06-14 14-13-13.png,0
2025-06-14 14-13-14.png,0
2025-06-14 14-13-15.png,0
2025-06-14 14-13-16.png,0
2025-06-14 14-13-17.png,0
2025-06-14 14-13-19.png,0
2025-06-14 14-13-20.png,0
2025-06-14 14-13-21.png,0
2025-06-14 14-13-22.png,0
2025-06-14 14-13-23.png,0
2025-06-14 14-13-24.png,0
2025-06-14 14-13-25.png,0
2025-06-14 14-13-26.png,0
2025-06-14 14-13-27.png,0
2025-06-14 14-13-28.png,0
2025-06-14 14-13-29.png,0
2025-06-14 14-13-30.png,0
2025-06-14 14-13-31.png,0
2025-06-14 14-13-32.png,0
2025-06-14 14-13-33.png,-0.12
2025-06-14 14-13-34.png,-0.12
2025-06-14 14-13-35.png,-0.04
2025-06-14 14-13-37.png,-0.04
2025-06-14 14-13-38.png,-0.04
2025-06-14 14-13-39.png,-0.04
2025-06-14 14-13-40.png,-0.04
2025-06-14 14-13-41.png,-0.08
2025-06-14 14-13-42.png,-0.08
2025-06-14 14-13-43.png,-0.08
2025-06-14 14-13-44.png,-0.08
2025-06-14 14-13-45.png,-0.08
2025-06-14 14-13-46.png,-0.08
2025-06-14 14-13-47.png,0.0
2025-06-14 14-13-48.png,0.0
2025-06-14 14-13-49.png,-0.08
2025-06-14 14-13-50.png,-0.02
2025-06-14 14-13-51.png,-0.08
2025-06-14 14-13-52.png,-0.02
2025-06-14 14-13-54.png,-0.02
2025-06-14 14-13-55.png,-0.02
2025-06-14 14-13-56.png,0.04
2025-06-14 14-13-57.png,0.06
2025-06-14 14-13-58.png,0.0
2025-06-14 14-13-59.png,0.0
2025-06-14 14-14-00.png,0.0
2025-06-14 14-14-01.png,0.0
2025-06-14 14-14-02.png,0.0
2025-06-14 14-14-03.png,0.0
2025-06-14 14-14-04.png,0.0
2025-06-14 14-14-05.png,0.0
2025-06-14 14-14-06.png,0.0
2025-06-14 14-14-07.png,0.0
2025-06-14 14-14-08.png,0.0
2025-06-14 14-14-10.png,0.0
2025-06-14 14-14-11.png,0.0
2025-06-14 14-14-12.png,0.0
2025-06-14 14-14-13.png,0.0
2025-06-14 14-14-14.png,0.0
2025-06-14 14-14-15.png,0.0
2025-06-14 14-14-16.png,0.0
2025-06-14 14-14-17.png,0.0
2025-06-14 14-14-18.png,0.0
2025-06-14 14-14-19.png,0.0
2025-06-14 14-14-20.png,0.0
2025-06-14 14-14-21.png,0.0
2025-06-14 14-14-22.png,0.0
2025-06-14 14-14-23.png,0.0
2025-06-14 14-14-24.png,0.0
2025-06-14 14-14-26.png,-0.02
2025-06-14 14-14-27.png,-0.02
2025-06-14 14-14-28.png,-0.04
2025-06-14 14-14-29.png,-0.02
2025-06-14 14-14-30.png,0.02
2025-06-14 14-14-31.png,0.02
2025-06-14 14-14-32.png,0.02
2025-06-14 14-14-33.png,-0.02
2025-06-14 14-14-34.png,0.02
2025-06-14 14-14-35.png,0.02
2025-06-14 14-14-36.png,-0.06
2025-06-14 14-14-37.png,0.02
2025-06-14 14-14-38.png,0.04
2025-06-14 14-14-39.png,0.0
2025-06-14 14-14-40.png,0.0
2025-06-14 14-14-41.png,0.0
2025-06-14 14-14-43.png,0.0
2025-06-14 14-14-44.png,0.0
2025-06-14 14-14-45.png,0.06
2025-06-14 14-14-46.png,0.04
2025-06-14 14-14-47.png,0.02
2025-06-14 14-14-48.png,0.02
2025-06-14 14-14-49.png,0.0
2025-06-14 14-14-50.png,0.0
2025-06-14 14-14-51.png,0.0
2025-06-14 14-14-52.png,0.0
2025-06-14 14-14-53.png,0.0
2025-06-14 14-14-54.png,0.0
2025-06-14 14-14-55.png,0.0
2025-06-14 14-14-56.png,0.0
2025-06-14 14-14-57.png,0.0
2025-06-14 14-14-58.png,-0.02
2025-06-14 14-15-00.png,-0.04
2025-06-14 14-15-01.png,-0.04
2025-06-14 14-15-02.png,-0.04
2025-06-14 14-15-03.png,0.0
2025-06-14 14-15-04.png,0.0
2025-06-14 14-15-05.png,0.0
2025-06-14 14-15-06.png,-0.1
2025-06-14 14-15-07.png,0.0
2025-06-14 14-15-08.png,0.0
2025-06-14 14-15-09.png,0.0
2025-06-14 14-15-10.png,-0.06
2025-06-14 14-15-11.png,-0.1
2025-06-14 14-15-12.png,0.08
2025-06-14 14-15-13.png,-0.08
2025-06-14 14-15-14.png,-0.02
2025-06-14 14-15-15.png,-0.02
2025-06-14 14-15-17.png,-0.02
2025-06-14 14-15-18.png,-0.02
2025-06-14 14-15-19.png,-0.02
2025-06-14 14-15-20.png,-0.02
2025-06-14 14-15-21.png,-0.04
2025-06-14 14-15-22.png,-0.04
2025-06-14 14-15-23.png,-0.04
2025-06-14 14-15-24.png,-0.04
2025-06-14 14-15-25.png,-0.04
2025-06-14 14-15-26.png,-0.04
2025-06-14 14-15-27.png,-0.08
2025-06-14 14-15-28.png,-0.02
2025-06-14 14-15-29.png,0.02
2025-06-14 14-15-30.png,-0.04
2025-06-14 14-15-32.png,-0.04
2025-06-14 14-15-33.png,-0.1
2025-06-14 14-15-34.png,-0.04
2025-06-14 14-15-35.png,0.02
2025-06-14 14-15-36.png,-0.02
2025-06-14 14-15-37.png,-0.02
2025-06-14 14-15-38.png,0.06
2025-06-14 14-15-39.png,0.0
2025-06-14 14-15-40.png,-0.06
2025-06-14 14-15-41.png,0.06
2025-06-14 14-15-42.png,0.0
2025-06-14 14-15-43.png,0.0
2025-06-14 14-15-44.png,0.0
2025-06-14 14-15-46.png,0.0
2025-06-14 14-15-47.png,0.0
2025-06-14 14-15-48.png,0.0
2025-06-14 14-15-49.png,0.0
2025-06-14 14-15-50.png,0.0
2025-06-14 14-15-51.png,0.0
2025-06-14 14-15-52.png,0.0
2025-06-14 14-15-53.png,0.0
2025-06-14 14-15-54.png,0.0
2025-06-14 14-15-55.png,0.0
2025-06-14 14-15-56.png,0.0
2025-06-14 14-15-57.png,0.0
2025-06-14 14-15-58.png,0.0
2025-06-14 14-16-00.png,0.0
2025-06-14 14-16-01.png,0.0
2025-06-14 14-16-02.png,0.0
2025-06-14 14-16-03.png,0.0
2025-06-14 14-16-04.png,0.0
2025-06-14 14-16-05.png,0.0
2025-06-14 14-16-06.png,0.0
2025-06-14 14-16-07.png,0.0
2025-06-14 14-16-08.png,0.0
2025-06-14 14-16-09.png,0.0
2025-06-14 14-16-10.png,0.0
2025-06-14 14-16-11.png,0.0
2025-06-14 14-16-12.png,0.0
2025-06-14 14-16-14.png,0.0
2025-06-14 14-16-15.png,-0.04
2025-06-14 14-16-16.png,-0.06
2025-06-14 14-16-17.png,-0.1
2025-06-14 14-16-18.png,-0.08
2025-06-14 14-16-19.png,-0.04
2025-06-14 14-16-20.png,-0.02
2025-06-14 14-16-21.png,-0.06
2025-06-14 14-16-22.png,-0.06
2025-06-14 14-16-23.png,-0.1
2025-06-14 14-16-24.png,-0.02
2025-06-14 14-16-25.png,-0.02
2025-06-14 14-16-26.png,-0.06
2025-06-14 14-16-28.png,-0.1
2025-06-14 14-16-29.png,0.0
2025-06-14 14-16-30.png,-0.04
2025-06-14 14-16-31.png,-0.04
2025-06-14 14-16-32.png,-0.04
2025-06-14 14-16-33.png,0.0
2025-06-14 14-16-34.png,-0.04
2025-06-14 14-16-35.png,-0.04
2025-06-14 14-16-36.png,0.02
2025-06-14 14-16-37.png,-0.06
2025-06-14 14-16-38.png,0.02
2025-06-14 14-16-39.png,0.02
2025-06-14 14-16-41.png,0.02
2025-06-14 14-16-42.png,0.0
2025-06-14 14-16-43.png,0.0
2025-06-14 14-16-44.png,0.0
2025-06-14 14-16-45.png,0.0
2025-06-14 14-16-46.png,0.08
2025-06-14 14-16-47.png,0.08
2025-06-14 14-16-48.png,0.14
2025-06-14 14-16-49.png,0.06
2025-06-14 14-16-50.png,0.06
2025-06-14 14-16-51.png,0.12
2025-06-14 14-16-52.png,0.12
2025-06-14 14-16-53.png,0.06
2025-06-14 14-16-54.png,0.08
2025-06-14 14-16-56.png,0.08
2025-06-14 14-16-57.png,0.08
2025-06-14 14-16-58.png,0.04
2025-06-14 14-16-59.png,-0.02
2025-06-14 14-17-00.png,-0.02
2025-06-14 14-17-01.png,-0.06
2025-06-14 14-17-02.png,-0.12
2025-06-14 14-17-03.png,-0.08
2025-06-14 14-17-04.png,-0.04
2025-06-14 14-17-05.png,-0.04
2025-06-14 14-17-06.png,-0.04
2025-06-14 14-17-07.png,-0.1
2025-06-14 14-17-08.png,-0.08
2025-06-14 14-17-10.png,-0.06
2025-06-14 14-17-11.png,0.04
2025-06-14 14-17-12.png,-0.04
2025-06-14 14-17-13.png,-0.04
2025-06-14 14-17-14.png,-0.02
2025-06-14 14-17-15.png,-0.12
2025-06-14 14-17-16.png,-0.08
2025-06-14 14-17-17.png,-0.1
2025-06-14 14-17-18.png,-0.02
2025-06-14 14-17-19.png,-0.08
2025-06-14 14-17-20.png,-0.08
2025-06-14 14-17-21.png,-0.2
2025-06-14 14-17-22.png,0.02
2025-06-14 14-17-23.png,-0.04
2025-06-14 14-17-25.png,-0.04
2025-06-14 14-17-26.png,-0.08
2025-06-14 14-17-27.png,-0.08
2025-06-14 14-17-28.png,0.0
2025-06-14 14-17-29.png,0.0
2025-06-14 14-17-30.png,-0.08
2025-06-14 14-17-31.png,-0.12
2025-06-14 14-17-32.png,-0.04
2025-06-14 14-17-33.png,-0.04
2025-06-14 14-17-34.png,-0.02
2025-06-14 14-17-35.png,-0.02
2025-06-14 14-17-36.png,0.0
2025-06-14 14-17-37.png,0.0
2025-06-14 14-17-39.png,0.0
2025-06-14 14-17-40.png,0.0
2025-06-14 14-17-41.png,-0.02
2025-06-14 14-17-42.png,-0.02
2025-06-14 14-17-43.png,-0.02
2025-06-14 14-17-44.png,0.06
2025-06-14 14-17-45.png,-0.02
2025-06-14 14-17-46.png,0.02
2025-06-14 14-17-47.png,0.02
2025-06-14 14-17-48.png,-0.04
2025-06-14 14-17-49.png,0.0
2025-06-14 14-17-50.png,0.0
2025-06-14 14-17-51.png,0.0
2025-06-14 14-17-53.png,0.0
2025-06-14 14-17-54.png,0.0
2025-06-14 14-17-55.png,0.14
2025-06-14 14-17-56.png,0.5
2025-06-14 14-17-57.png,0.4
2025-06-14 14-17-58.png,-0.1
2025-06-14 14-17-59.png,-0.12
2025-06-14 14-18-00.png,0.02
2025-06-14 14-18-01.png,-0.08
2025-06-14 14-18-02.png,0.02
2025-06-14 14-18-03.png,0.02
2025-06-14 14-18-04.png,-0.08
2025-06-14 14-18-06.png,-0.1
2025-06-14 14-18-07.png,-0.1
2025-06-14 14-18-08.png,0.0
2025-06-14 14-18-09.png,0.0
2025-06-14 14-18-10.png,-0.12
2025-06-14 14-18-11.png,-0.02
2025-06-14 14-18-12.png,-0.12
2025-06-14 14-18-13.png,-0.12
2025-06-14 14-18-14.png,0.02
2025-06-14 14-18-15.png,-0.06
2025-06-14 14-18-16.png,-0.04
2025-06-14 14-18-17.png,0.02
2025-06-14 14-18-18.png,-0.04
2025-06-14 14-18-20.png,0.02
2025-06-14 14-18-21.png,-0.06
2025-06-14 14-18-22.png,-0.12
2025-06-14 14-18-23.png,0.04
2025-06-14 14-18-24.png,0.04
2025-06-14 14-18-25.png,-0.04
2025-06-14 14-18-26.png,0.02
2025-06-14 14-18-27.png,-0.04
2025-06-14 14-18-28.png,0.12
2025-06-14 14-18-29.png,-0.24
2025-06-14 14-18-30.png,-0.08
2025-06-14 14-18-31.png,0.12
2025-06-14 14-18-33.png,-0.02
2025-06-14 14-18-34.png,-0.02
2025-06-14 14-18-35.png,-0.02
2025-06-14 14-18-36.png,-0.18
2025-06-14 14-18-37.png,-0.08
2025-06-14 14-18-38.png,0.0
2025-06-14 14-18-39.png,0.0
2025-06-14 14-18-40.png,0.0
2025-06-14 14-18-41.png,-0.18
2025-06-14 14-18-42.png,-0.06
2025-06-14 14-18-43.png,-0.14
2025-06-14 14-18-44.png,-0.04
2025-06-14 14-18-46.png,-0.04
2025-06-14 14-18-47.png,-0.04
2025-06-14 14-18-48.png,-0.04
2025-06-14 14-18-49.png,-0.02
2025-06-14 14-18-50.png,-0.1
2025-06-14 14-18-51.png,0.02
2025-06-14 14-18-52.png,-0.16
2025-06-14 14-18-53.png,-0.08
2025-06-14 14-18-54.png,0.02
2025-06-14 14-18-55.png,-0.06
2025-06-14 14-18-56.png,0.04
2025-06-14 14-18-57.png,-0.02
2025-06-14 14-18-58.png,0.04
2025-06-14 14-19-00.png,-0.04
2025-06-14 14-19-01.png,-0.04
2025-06-14 14-19-02.png,0.06
2025-06-14 14-19-03.png,-0.02
2025-06-14 14-19-04.png,-0.02
2025-06-14 14-19-05.png,-0.02
2025-06-14 14-19-06.png,-0.02
2025-06-14 14-19-07.png,0.04
2025-06-14 14-19-08.png,0.04
2025-06-14 14-19-09.png,0.0
2025-06-14 14-19-10.png,0.0
2025-06-14 14-19-11.png,0.0
2025-06-14 14-19-13.png,-0.08
2025-06-14 14-19-14.png,-0.1
2025-06-14 14-19-15.png,-0.02
2025-06-14 14-19-16.png,-0.12
2025-06-14 14-19-17.png,-0.1
2025-06-14 14-19-18.png,-0.1
2025-06-14 14-19-19.png,-0.08
2025-06-14 14-19-20.png,0.0
2025-06-14 14-19-21.png,-0.04
2025-06-14 14-19-22.png,-0.12
2025-06-14 14-19-23.png,-0.04
2025-06-14 14-19-25.png,-0.04
2025-06-14 14-19-26.png,-0.1
2025-06-14 14-19-27.png,-0.08
2025-06-14 14-19-28.png,0.04
2025-06-14 14-19-29.png,-0.06
2025-06-14 14-19-30.png,-0.06
2025-06-14 14-19-31.png,-0.06
2025-06-14 14-19-32.png,0.02
2025-06-14 14-19-33.png,0.5
2025-06-14 14-19-34.png,0.5
2025-06-14 14-19-35.png,0.14
2025-06-14 14-19-36.png,0.04
2025-06-14 14-19-38.png,-0.18
2025-06-14 14-19-39.png,-0.1
2025-06-14 14-19-40.png,0.04
2025-06-14 14-19-41.png,-0.04
2025-06-14 14-19-42.png,-0.04
2025-06-14 14-19-43.png,-0.08
2025-06-14 14-19-44.png,-0.1
2025-06-14 14-19-45.png,0.0
2025-06-14 14-19-46.png,-0.22
2025-06-14 14-19-47.png,0.06
2025-06-14 14-19-48.png,-0.1
2025-06-14 14-19-49.png,0.02
2025-06-14 14-19-51.png,-0.08
2025-06-14 14-19-52.png,-0.22
2025-06-14 14-19-53.png,-0.1
2025-06-14 14-19-54.png,-0.04
2025-06-14 14-19-55.png,-0.04
2025-06-14 14-19-56.png,-0.02
2025-06-14 14-19-57.png,0.04
2025-06-14 14-19-58.png,0.0
2025-06-14 14-19-59.png,0.0
2025-06-14 14-20-00.png,-0.04
2025-06-14 14-20-01.png,-0.02
2025-06-14 14-20-03.png,-0.02
2025-06-14 14-20-04.png,0.02
2025-06-14 14-20-05.png,-0.02
2025-06-14 14-20-06.png,-0.02
2025-06-14 14-20-07.png,-0.02
2025-06-14 14-20-08.png,0.0
2025-06-14 14-20-09.png,0.0
2025-06-14 14-20-10.png,0.0
2025-06-14 14-20-11.png,0.0
2025-06-14 14-20-12.png,0.0
2025-06-14 14-20-13.png,0.0
2025-06-14 14-20-15.png,0.0
2025-06-14 14-20-16.png,0.0
2025-06-14 14-20-17.png,0.0
2025-06-14 14-20-18.png,0.0
2025-06-14 14-20-19.png,0.0
2025-06-14 14-20-20.png,0.0
2025-06-14 14-20-21.png,0.0
2025-06-14 14-20-22.png,0.0
2025-06-14 14-20-23.png,-0.04
2025-06-14 14-20-24.png,-0.06
2025-06-14 14-20-25.png,-0.04
2025-06-14 14-20-26.png,0.04
2025-06-14 14-20-28.png,-0.02
2025-06-14 14-20-29.png,0.0
2025-06-14 14-20-30.png,0.0
2025-06-14 14-20-31.png,0.02
2025-06-14 14-20-32.png,-0.02
2025-06-14 14-20-33.png,-0.02
2025-06-14 14-20-34.png,-0.02
2025-06-14 14-20-35.png,0.06
2025-06-14 14-20-36.png,0.0
2025-06-14 14-20-37.png,0.0
2025-06-14 14-20-38.png,0.0
2025-06-14 14-20-40.png,-0.06
2025-06-14 14-20-41.png,0.04
2025-06-14 14-20-42.png,0.0
2025-06-14 14-20-43.png,0.0
2025-06-14 14-20-44.png,0.0
2025-06-14 14-20-45.png,0.0
2025-06-14 14-20-46.png,0.0
2025-06-14 14-20-47.png,-0.08
2025-06-14 14-20-48.png,-0.08
2025-06-14 14-20-49.png,-0.08
2025-06-14 14-20-50.png,-0.08
2025-06-14 14-20-51.png,-0.06
2025-06-14 14-20-53.png,-0.06
2025-06-14 14-20-54.png,-0.02
2025-06-14 14-20-55.png,-0.08
2025-06-14 14-20-56.png,-0.06
2025-06-14 14-20-57.png,-0.02
2025-06-14 14-20-58.png,0.0
2025-06-14 14-20-59.png,-0.08
2025-06-14 14-21-00.png,-0.12
2025-06-14 14-21-01.png,-0.16
2025-06-14 14-21-02.png,-0.04
2025-06-14 14-21-03.png,-0.04
2025-06-14 14-21-04.png,-0.06
2025-06-14 14-21-06.png,0.04
2025-06-14 14-21-07.png,-0.02
2025-06-14 14-21-08.png,-0.02
2025-06-14 14-21-09.png,-0.02
2025-06-14 14-21-10.png,-0.02
2025-06-14 14-21-11.png,0.02
2025-06-14 14-21-12.png,0.02
2025-06-14 14-21-13.png,0.0
2025-06-14 14-21-14.png,0.1
2025-06-14 14-21-15.png,0.0
2025-06-14 14-21-16.png,0.0
2025-06-14 14-21-17.png,-0.08
2025-06-14 14-21-19.png,0.04
2025-06-14 14-21-20.png,0.06
2025-06-14 14-21-21.png,-0.02
2025-06-14 14-21-22.png,-0.02
2025-06-14 14-21-23.png,0.04
2025-06-14 14-21-24.png,0.04
2025-06-14 14-21-25.png,0.04
2025-06-14 14-21-26.png,0.04
2025-06-14 14-21-27.png,-0.02
2025-06-14 14-21-28.png,0.04
2025-06-14 14-21-29.png,-0.02
2025-06-14 14-21-31.png,-0.02
2025-06-14 14-21-32.png,-0.02
2025-06-14 14-21-33.png,-0.02
2025-06-14 14-21-34.png,-0.04
2025-06-14 14-21-35.png,0.06
2025-06-14 14-21-36.png,0.02
2025-06-14 14-21-37.png,0.02
2025-06-14 14-21-38.png,0.02
2025-06-14 14-21-39.png,-0.04
2025-06-14 14-21-40.png,0.06
2025-06-14 14-21-41.png,-0.02
2025-06-14 14-21-42.png,-0.02
2025-06-14 14-21-44.png,-0.02
2025-06-14 14-21-45.png,-0.02
2025-06-14 14-21-46.png,-0.04
2025-06-14 14-21-47.png,0.06
2025-06-14 14-21-48.png,0.0
2025-06-14 14-21-49.png,-0.02
2025-06-14 14-21-50.png,0.02
2025-06-14 14-21-51.png,0.0
2025-06-14 14-21-52.png,0.0
2025-06-14 14-21-53.png,0.0
2025-06-14 14-21-54.png,0.0
2025-06-14 14-21-55.png,0.0
2025-06-14 14-21-57.png,0.0
2025-06-14 14-21-58.png,0.0
2025-06-14 14-21-59.png,-0.02
2025-06-14 14-22-00.png,0.06
2025-06-14 14-22-01.png,-0.02
2025-06-14 14-22-02.png,0.04
2025-06-14 14-22-03.png,-0.02
2025-06-14 14-22-04.png,-0.02
2025-06-14 14-22-05.png,0.0
2025-06-14 14-22-06.png,-0.04
2025-06-14 14-22-07.png,0.0
2025-06-14 14-22-08.png,0.0
2025-06-14 14-22-10.png,0.0
2025-06-14 14-22-11.png,-0.1
2025-06-14 14-22-12.png,-0.1
2025-06-14 14-22-13.png,-0.2
2025-06-14 14-22-14.png,0.04
2025-06-14 14-22-15.png,-0.1
2025-06-14 14-22-16.png,0.0
2025-06-14 14-22-17.png,-0.1
2025-06-14 14-22-18.png,-0.16
2025-06-14 14-22-19.png,-0.04
2025-06-14 14-22-20.png,-0.04
2025-06-14 14-22-21.png,-0.1
2025-06-14 14-22-23.png,-0.1
2025-06-14 14-22-24.png,-0.1
2025-06-14 14-22-25.png,-0.04
2025-06-14 14-22-26.png,-0.04
2025-06-14 14-22-27.png,-0.04
2025-06-14 14-22-28.png,0.02
2025-06-14 14-22-29.png,-0.04
2025-06-14 14-22-30.png,-0.04
2025-06-14 14-22-31.png,0.02
2025-06-14 14-22-32.png,0.02
2025-06-14 14-22-33.png,0.02
2025-06-14 14-22-34.png,-0.04
2025-06-14 14-22-35.png,0.02
2025-06-14 14-22-37.png,0.02
2025-06-14 14-22-38.png,0.02
2025-06-14 14-22-39.png,0.02
2025-06-14 14-22-40.png,0.02
2025-06-14 14-22-41.png,-0.04
2025-06-14 14-22-42.png,-0.04
2025-06-14 14-22-43.png,-0.04
2025-06-14 14-22-44.png,0.04
2025-06-14 14-22-45.png,-0.04
2025-06-14 14-22-46.png,0.02
2025-06-14 14-22-47.png,0.02
2025-06-14 14-22-49.png,0.02
2025-06-14 14-22-50.png,0.02
2025-06-14 14-22-51.png,0.02
2025-06-14 14-22-52.png,0.0
2025-06-14 14-22-53.png,-0.02
2025-06-14 14-22-54.png,-0.02
2025-06-14 14-22-55.png,-0.02
2025-06-14 14-22-56.png,-0.02
2025-06-14 14-22-57.png,0.02
2025-06-14 14-22-58.png,0.02
2025-06-14 14-22-59.png,0.0
2025-06-14 14-23-00.png,0.0
2025-06-14 14-23-02.png,0.0
2025-06-14 14-23-03.png,-0.04
2025-06-14 14-23-04.png,-0.02
2025-06-14 14-23-05.png,0.06
2025-06-14 14-23-06.png,-0.04
2025-06-14 14-23-07.png,-0.06
2025-06-14 14-23-08.png,-0.02
2025-06-14 14-23-09.png,-0.02
2025-06-14 14-23-10.png,0.0
2025-06-14 14-23-11.png,0.0
2025-06-14 14-23-12.png,0.0
2025-06-14 14-23-14.png,0.0
2025-06-14 14-23-15.png,0.0
2025-06-14 14-23-16.png,0.0
2025-06-14 14-23-17.png,0.0
2025-06-14 14-23-18.png,0.0
2025-06-14 14-23-19.png,-0.06
2025-06-14 14-23-20.png,0.02
2025-06-14 14-23-21.png,0.0
2025-06-14 14-23-22.png,0.0
2025-06-14 14-23-23.png,0.0
2025-06-14 14-23-24.png,0.0
2025-06-14 14-23-26.png,0.0
2025-06-14 14-23-27.png,0.0
2025-06-14 14-23-28.png,0.0
2025-06-14 14-23-29.png,0.0
2025-06-14 14-23-30.png,0.0
2025-06-14 14-23-31.png,0.0
2025-06-14 14-23-32.png,0.0
2025-06-14 14-23-33.png,0.0
2025-06-14 14-23-34.png,0.0
2025-06-14 14-23-35.png,0.0
2025-06-14 14-23-36.png,0.0
2025-06-14 14-23-37.png,0.0
2025-06-14 14-23-39.png,0.0
2025-06-14 14-23-40.png,0.0
2025-06-14 14-23-41.png,0.0
2025-06-14 14-23-42.png,0.0
2025-06-14 14-23-43.png,0.0
2025-06-14 14-23-44.png,-0.04
2025-06-14 14-23-45.png,0.02
2025-06-14 14-23-46.png,-0.04
2025-06-14 14-23-47.png,0.0
2025-06-14 14-23-48.png,0.0
2025-06-14 14-23-49.png,0.0
2025-06-14 14-23-50.png,0.0
2025-06-14 14-23-52.png,0.0
2025-06-14 14-23-53.png,0.0
2025-06-14 14-23-54.png,0.0
2025-06-14 14-23-55.png,-0.06
2025-06-14 14-23-56.png,-0.1
2025-06-14 14-23-57.png,0.0
2025-06-14 14-23-58.png,-0.06
2025-06-14 14-23-59.png,-0.12
2025-06-14 14-24-00.png,-0.12
2025-06-14 14-24-01.png,-0.1
2025-06-14 14-24-02.png,-0.14
2025-06-14 14-24-03.png,0.0
2025-06-14 14-24-04.png,-0.02
2025-06-14 14-24-06.png,-0.18
2025-06-14 14-24-07.png,-0.08
2025-06-14 14-24-08.png,0.0
2025-06-14 14-24-09.png,-0.02
2025-06-14 14-24-10.png,-0.02
2025-06-14 14-24-11.png,-0.02
2025-06-14 14-24-12.png,-0.06
2025-06-14 14-24-13.png,-0.04
2025-06-14 14-24-14.png,-0.04
2025-06-14 14-24-15.png,-0.08
2025-06-14 14-24-16.png,0.04
2025-06-14 14-24-18.png,0.04
2025-06-14 14-24-19.png,-0.04
2025-06-14 14-24-20.png,0.02
2025-06-14 14-24-21.png,0.04
2025-06-14 14-24-22.png,-0.04
2025-06-14 14-24-23.png,0.0
2025-06-14 14-24-24.png,0.0
2025-06-14 14-24-25.png,0.0
2025-06-14 14-24-26.png,0.0
2025-06-14 14-24-27.png,0.0
2025-06-14 14-24-28.png,0.0
2025-06-14 14-24-30.png,0.0
2025-06-14 14-24-31.png,0.0
2025-06-14 14-24-32.png,0.0
2025-06-13 22-49-43.png,0
2025-06-13 22-49-44.png,0
2025-06-13 22-49-45.png,0
2025-06-13 22-49-46.png,0
2025-06-13 22-49-47.png,0
2025-06-13 22-49-48.png,0
2025-06-13 22-49-49.png,0
2025-06-13 22-49-50.png,0
2025-06-13 22-49-51.png,0
2025-06-13 22-49-52.png,0
2025-06-14 15-59-01.png,0
2025-06-14 15-59-02.png,0
2025-06-14 15-59-03.png,0
2025-06-14 15-59-04.png,0
2025-06-14 15-59-06.png,0
2025-06-14 15-59-07.png,0
2025-06-14 15-59-08.png,0
2025-06-14 15-59-09.png,0
2025-06-14 15-59-10.png,0
2025-06-14 15-59-11.png,-0.12
2025-06-14 15-59-12.png,0.02
2025-06-14 15-59-13.png,-0.14
2025-06-14 15-59-14.png,0.02
2025-06-14 15-59-15.png,0.02
2025-06-14 15-59-16.png,0.02
2025-06-14 15-59-17.png,0.02
2025-06-14 15-59-18.png,0.02
2025-06-14 15-59-19.png,0.02
2025-06-14 15-59-21.png,0.02
2025-06-14 15-59-22.png,0.02
2025-06-14 15-59-23.png,0.02
2025-06-14 15-59-24.png,0.02
2025-06-14 15-59-25.png,0.02
2025-06-14 15-59-26.png,0.02
2025-06-14 15-59-27.png,-0.04
2025-06-14 15-59-28.png,-0.04
2025-06-14 15-59-29.png,-0.04
2025-06-14 15-59-30.png,-0.04
2025-06-14 15-59-31.png,0.0
2025-06-14 15-59-32.png,0.06
2025-06-14 15-59-33.png,0.08
2025-06-14 15-59-34.png,0.08
2025-06-14 15-59-36.png,-0.04
2025-06-14 15-59-37.png,-0.04
2025-06-14 15-59-38.png,-0.04
2025-06-14 15-59-39.png,-0.04
2025-06-14 15-59-40.png,-0.04
2025-06-14 15-59-41.png,-0.04
2025-06-14 15-59-42.png,-0.04
2025-06-14 15-59-43.png,-0.04
2025-06-14 15-59-44.png,0.06
2025-06-14 15-59-45.png,0.06
2025-06-14 15-59-46.png,-0.04
2025-06-14 15-59-47.png,0.04
2025-06-14 15-59-48.png,0.04
2025-06-14 15-59-50.png,0.04
2025-06-14 15-59-51.png,-0.06
2025-06-14 15-59-52.png,-0.06
2025-06-14 15-59-53.png,-0.18
2025-06-14 15-59-54.png,-0.18
2025-06-14 15-59-55.png,-0.18
2025-06-14 15-59-56.png,-0.18
2025-06-14 15-59-57.png,0.14
2025-06-14 15-59-58.png,0.14
2025-06-14 15-59-59.png,0.0
2025-06-14 16-00-00.png,0.0
2025-06-14 16-00-01.png,-0.14
2025-06-14 16-00-02.png,-0.14
2025-06-14 16-00-03.png,-0.14
2025-06-14 16-00-05.png,-0.14
2025-06-14 16-00-06.png,0.06
2025-06-14 16-00-07.png,-0.12
2025-06-14 16-00-08.png,-0.04
2025-06-14 16-00-09.png,-0.04
2025-06-14 16-00-10.png,-0.04
2025-06-14 16-00-11.png,-0.04
2025-06-14 16-00-12.png,0.06
2025-06-14 16-00-13.png,0.2
2025-06-14 16-00-14.png,0.2
2025-06-14 16-00-15.png,0.0
2025-06-14 16-00-16.png,-0.2
2025-06-14 16-00-17.png,-0.2
2025-06-14 16-00-18.png,-0.08
2025-06-14 16-00-19.png,0.04
2025-06-14 16-00-21.png,0.04
2025-06-14 16-00-22.png,-0.04
2025-06-14 16-00-23.png,0.02
2025-06-14 16-00-24.png,0.02
2025-06-14 16-00-25.png,0.02
2025-06-14 16-00-26.png,0.02
2025-06-14 16-00-27.png,0.02
2025-06-14 16-00-28.png,0.02
2025-06-14 16-00-29.png,0.02
2025-06-14 16-00-30.png,-0.08
2025-06-14 16-00-31.png,0.0
2025-06-14 16-00-32.png,0.0
2025-06-14 16-00-33.png,0.0
2025-06-14 16-00-34.png,0.1
2025-06-14 16-00-36.png,0.1
2025-06-14 16-00-37.png,0.04
2025-06-14 16-00-38.png,0.04
2025-06-14 16-00-39.png,0.04
2025-06-14 16-00-40.png,-0.1
2025-06-14 16-00-41.png,-0.1
2025-06-14 16-00-42.png,0.02
2025-06-14 16-00-43.png,0.02
2025-06-14 16-00-44.png,0.02
2025-06-14 16-00-45.png,0.02
2025-06-14 16-00-46.png,0.02
2025-06-14 16-00-47.png,0.02
2025-06-14 16-00-48.png,0.02
2025-06-14 16-00-49.png,0.02
2025-06-14 16-00-51.png,0.02
2025-06-14 16-00-52.png,0.02
2025-06-14 16-00-53.png,0.02
2025-06-14 16-00-54.png,0.02
2025-06-14 16-00-55.png,-0.12
2025-06-14 16-00-56.png,-0.12
2025-06-14 16-00-57.png,-0.12
2025-06-14 16-00-58.png,-0.12
2025-06-14 16-00-59.png,-0.02
2025-06-14 16-01-00.png,0.1
2025-06-14 16-01-01.png,0.16
2025-06-14 16-01-02.png,0.2
2025-06-14 16-01-03.png,0.12
2025-06-14 16-01-04.png,0.02
2025-06-14 16-01-06.png,-0.06
2025-06-14 16-01-07.png,-0.06
2025-06-14 16-01-08.png,-0.06
2025-06-14 16-01-09.png,0.0
2025-06-14 16-01-10.png,0.0
2025-06-14 16-01-11.png,0.0
2025-06-14 16-01-12.png,0.0
2025-06-14 16-01-13.png,0.0
2025-06-14 16-01-14.png,0.0
2025-06-14 16-01-15.png,0.0
2025-06-14 16-01-16.png,0.0
2025-06-14 16-01-17.png,0.0
2025-06-14 16-01-18.png,-0.08
2025-06-14 16-01-19.png,-0.08
2025-06-14 16-01-21.png,-0.08
2025-06-14 16-01-22.png,-0.08
2025-06-14 16-01-23.png,-0.08
2025-06-14 16-01-24.png,-0.08
2025-06-14 16-01-25.png,-0.08
2025-06-14 16-01-26.png,-0.02
2025-06-14 16-01-27.png,-0.02
2025-06-14 16-01-28.png,0.02
2025-06-14 16-01-29.png,0.02
2025-06-14 16-01-30.png,0.02
2025-06-14 16-01-31.png,0.02
2025-06-14 16-01-32.png,0.02
2025-06-14 16-01-33.png,-0.08
2025-06-14 16-01-34.png,-0.06
2025-06-14 16-01-36.png,-0.06
2025-06-14 16-01-37.png,-0.06
2025-06-14 16-01-38.png,-0.06
2025-06-14 16-01-39.png,-0.06
2025-06-14 16-01-40.png,0.0
2025-06-14 16-01-41.png,0.0
2025-06-14 16-01-42.png,-0.02
2025-06-14 16-01-43.png,-0.06
2025-06-14 16-01-44.png,-0.06
2025-06-14 16-01-45.png,0.0
2025-06-14 16-01-46.png,0.0
2025-06-14 16-01-47.png,0.0
2025-06-14 16-01-48.png,0.0
2025-06-14 16-01-49.png,0.0
2025-06-14 16-01-51.png,-0.06
2025-06-14 16-01-52.png,-0.06
2025-06-14 16-01-53.png,0.08
2025-06-14 16-01-54.png,-0.08
2025-06-14 16-01-55.png,0.0
2025-06-14 16-01-56.png,0.0
2025-06-14 16-01-57.png,0.0
2025-06-14 16-01-58.png,0.0
2025-06-14 16-01-59.png,0.08
2025-06-14 16-02-00.png,-0.04
2025-06-14 16-02-01.png,-0.04
2025-06-14 16-02-02.png,0.0
2025-06-14 16-02-03.png,0.0
2025-06-14 16-02-05.png,0.0
2025-06-14 16-02-06.png,0.0
2025-06-14 16-02-07.png,0.0
2025-06-14 16-02-08.png,0.0
2025-06-14 16-02-09.png,0.1
2025-06-14 16-02-10.png,0.1
2025-06-14 16-02-11.png,-0.04
2025-06-14 16-02-12.png,-0.04
2025-06-14 16-02-13.png,-0.04
2025-06-14 16-02-14.png,-0.04
2025-06-14 16-02-15.png,-0.04
2025-06-14 16-02-16.png,-0.04
2025-06-14 16-02-17.png,0.04
2025-06-14 16-02-19.png,0.04
2025-06-14 16-02-20.png,0.04
2025-06-14 16-02-21.png,0.04
2025-06-14 16-02-22.png,-0.1
2025-06-14 16-02-23.png,-0.04
2025-06-14 16-02-24.png,-0.04
2025-06-14 16-02-25.png,-0.04
2025-06-14 16-02-26.png,-0.04
2025-06-14 16-02-27.png,-0.04
2025-06-14 16-02-28.png,-0.04
2025-06-14 16-02-29.png,-0.04
2025-06-14 16-02-30.png,-0.04
2025-06-14 16-02-31.png,-0.04
2025-06-14 16-02-32.png,-0.04
2025-06-14 16-02-34.png,-0.04
2025-06-14 16-02-35.png,-0.04
2025-06-14 16-02-36.png,-0.12
2025-06-14 16-02-37.png,-0.12
2025-06-14 16-02-38.png,-0.12
2025-06-14 16-02-39.png,0.0
2025-06-14 16-02-40.png,0.0
2025-06-14 16-02-41.png,0.0
2025-06-14 16-02-42.png,-0.08
2025-06-14 16-02-43.png,-0.14
2025-06-14 16-02-44.png,-0.02
2025-06-14 16-02-45.png,-0.02
2025-06-14 16-02-46.png,0.06
2025-06-14 16-02-47.png,-0.08
2025-06-14 16-02-48.png,0.0
2025-06-14 16-02-49.png,0.0
2025-06-14 16-02-51.png,0.0
2025-06-14 16-02-52.png,0.0
2025-06-14 16-02-53.png,0.0
2025-06-14 16-02-54.png,0.0
2025-06-14 16-02-55.png,0.0
2025-06-14 16-02-56.png,0.0
2025-06-14 16-02-57.png,0.0
2025-06-14 16-02-58.png,0.0
2025-06-14 16-02-59.png,0.0
2025-06-14 16-03-00.png,0.0
2025-06-14 16-03-01.png,0.0
2025-06-14 16-03-02.png,0.0
2025-06-14 16-03-03.png,0.22
2025-06-14 16-03-05.png,0.22
2025-06-14 16-03-06.png,0.22
2025-06-14 16-03-07.png,0.22
2025-06-14 16-03-08.png,0.22
2025-06-14 16-03-09.png,-0.02
2025-06-14 16-03-10.png,-0.02
2025-06-14 16-03-11.png,-0.02
2025-06-14 16-03-12.png,-0.02
2025-06-14 16-03-13.png,-0.02
2025-06-14 16-03-14.png,-0.02
2025-06-14 16-03-15.png,-0.02
2025-06-14 16-03-16.png,0.0
2025-06-14 16-03-17.png,-0.08
2025-06-14 16-03-18.png,0.0
2025-06-14 16-03-20.png,-0.02
2025-06-14 16-03-21.png,-0.14
2025-06-14 16-03-22.png,-0.26
2025-06-14 16-03-23.png,0.02
2025-06-14 16-03-24.png,-0.32
2025-06-14 16-03-25.png,-0.2
2025-06-14 16-03-26.png,-0.2
2025-06-14 16-03-27.png,0.2
2025-06-14 16-03-28.png,0.38
2025-06-14 16-03-29.png,0.22
2025-06-14 16-03-30.png,-0.1
2025-06-14 16-03-31.png,-0.1
2025-06-14 16-03-32.png,-0.28
2025-06-14 16-03-33.png,-0.24
2025-06-14 16-03-35.png,-0.02
2025-06-14 16-03-36.png,-0.02
2025-06-14 16-03-37.png,-0.1
2025-06-14 16-03-38.png,-0.1
2025-06-14 16-03-39.png,-0.1
2025-06-14 16-03-40.png,0.02
2025-06-14 16-03-41.png,-0.12
2025-06-14 16-03-42.png,-0.12
2025-06-14 16-03-43.png,-0.12
2025-06-14 16-03-44.png,-0.12
2025-06-14 16-03-45.png,0.0
2025-06-14 16-03-46.png,0.16
2025-06-14 16-03-47.png,0.08
2025-06-14 16-03-48.png,-0.16
2025-06-14 16-03-49.png,-0.12
2025-06-14 16-03-51.png,0.14
2025-06-14 16-03-52.png,0.06
2025-06-14 16-03-53.png,0.06
2025-06-14 16-03-54.png,-0.04
2025-06-14 16-03-55.png,-0.16
2025-06-14 16-03-56.png,0.02
2025-06-14 16-03-57.png,-0.04
2025-06-14 16-03-58.png,0.14
2025-06-14 16-03-59.png,-0.08
2025-06-14 16-04-00.png,-0.36
2025-06-14 16-04-01.png,-0.04
2025-06-14 16-04-02.png,0.18
2025-06-14 16-04-03.png,0.06
2025-06-14 16-04-04.png,0.0
2025-06-14 16-04-05.png,0.04
2025-06-14 16-04-07.png,-0.04
2025-06-14 16-04-08.png,-0.28
2025-06-14 16-04-09.png,0.5
2025-06-14 16-04-10.png,0.5
2025-06-14 16-04-11.png,0.5
2025-06-14 16-04-12.png,0.28
2025-06-14 16-04-13.png,-0.06
2025-06-14 16-04-14.png,0.02
2025-06-14 16-04-15.png,0.02
2025-06-14 16-04-16.png,-0.22
2025-06-14 16-04-17.png,-0.1
2025-06-14 16-04-18.png,0.02
2025-06-14 16-04-19.png,-0.14
2025-06-14 16-04-20.png,-0.02
2025-06-14 16-04-22.png,-0.04
2025-06-14 16-04-23.png,-0.02
2025-06-14 16-04-24.png,-0.02
2025-06-14 16-04-25.png,-0.02
2025-06-14 16-04-26.png,-0.18
2025-06-14 16-04-27.png,-0.18
2025-06-14 16-04-28.png,-0.06
2025-06-14 16-04-29.png,-0.06
2025-06-14 16-04-30.png,0.04
2025-06-14 16-04-31.png,-0.02
2025-06-14 16-04-32.png,0.06
2025-06-14 16-04-33.png,-0.04
2025-06-14 16-04-34.png,0.0
2025-06-14 16-04-36.png,0.0
2025-06-14 16-04-37.png,0.0
2025-06-14 16-04-38.png,0.0
2025-06-14 16-04-39.png,0.0
2025-06-14 16-04-40.png,0.0
2025-06-14 16-04-41.png,0.0
2025-06-14 16-04-42.png,-0.1
2025-06-14 16-04-43.png,0.1
2025-06-14 16-04-44.png,-0.14
2025-06-14 16-04-45.png,-0.06
2025-06-14 16-04-46.png,0.04
2025-06-14 16-04-47.png,0.04
2025-06-14 16-04-48.png,-0.08
2025-06-14 16-04-49.png,0.0
2025-06-14 16-04-51.png,-0.06
2025-06-14 16-04-52.png,-0.06
2025-06-14 16-04-53.png,-0.16
2025-06-14 16-04-54.png,-0.06
2025-06-14 16-04-55.png,-0.06
2025-06-14 16-04-56.png,0.06
2025-06-14 16-04-57.png,-0.04
2025-06-14 16-04-58.png,0.08
2025-06-14 16-04-59.png,0.0
2025-06-14 16-05-00.png,-0.5
2025-06-14 16-05-01.png,-0.26
2025-06-14 16-05-02.png,0.08
2025-06-14 16-05-03.png,0.14
2025-06-14 16-05-04.png,0.14
2025-06-14 16-05-06.png,-0.04
2025-06-14 16-05-07.png,-0.04
2025-06-14 16-05-08.png,-0.04
2025-06-14 16-05-09.png,-0.04
2025-06-14 16-05-10.png,0.04
2025-06-14 16-05-11.png,-0.1
2025-06-14 16-05-12.png,-0.1
2025-06-14 16-05-13.png,0.02
2025-06-14 16-05-14.png,0.02
2025-06-14 16-05-15.png,0.02
2025-06-14 16-05-16.png,-0.08
2025-06-14 16-05-17.png,0.02
2025-06-14 16-05-18.png,0.02
2025-06-14 16-05-19.png,0.02
2025-06-14 16-05-21.png,0.02
2025-06-14 16-05-22.png,-0.08
2025-06-14 16-05-23.png,-0.08
2025-06-14 16-05-24.png,-0.08
2025-06-14 16-05-25.png,-0.14
2025-06-14 16-05-26.png,-0.04
2025-06-14 16-05-27.png,-0.04
2025-06-14 16-05-28.png,-0.04
2025-06-14 16-05-29.png,-0.04
2025-06-14 16-05-30.png,-0.04
2025-06-14 16-05-31.png,-0.16
2025-06-14 16-05-32.png,-0.04
2025-06-14 16-05-33.png,-0.04
2025-06-14 16-05-34.png,-0.04
2025-06-14 16-05-35.png,-0.04
2025-06-14 16-05-37.png,-0.04
2025-06-14 16-05-38.png,-0.04
2025-06-14 16-05-39.png,-0.04
2025-06-14 16-05-40.png,0.08
2025-06-14 16-05-41.png,0.08
2025-06-14 16-05-42.png,0.24
2025-06-14 16-05-43.png,0.32
2025-06-14 16-05-44.png,0.32
2025-06-14 16-05-45.png,-0.04
2025-06-14 16-05-46.png,-0.08
2025-06-14 16-05-47.png,-0.08
2025-06-14 16-05-48.png,0.1
2025-06-14 16-05-49.png,-0.06
2025-06-14 16-05-50.png,-0.06
2025-06-14 16-05-52.png,-0.06
2025-06-14 16-05-53.png,-0.06
2025-06-14 16-05-54.png,-0.06
2025-06-14 16-05-55.png,-0.06
2025-06-14 16-05-56.png,-0.16
2025-06-14 16-05-57.png,-0.02
2025-06-14 16-05-58.png,-0.02
2025-06-14 16-05-59.png,-0.06
2025-06-14 16-06-00.png,-0.26
2025-06-14 16-06-01.png,0.16
2025-06-14 16-06-02.png,0.2
2025-06-14 16-06-03.png,-0.14
2025-06-14 16-06-04.png,-0.38
2025-06-14 16-06-06.png,-0.14
2025-06-14 16-06-07.png,0.34
2025-06-14 16-06-08.png,0.06
2025-06-14 16-06-09.png,-0.06
2025-06-14 16-06-10.png,-0.08
2025-06-14 16-06-11.png,0.0
2025-06-14 16-06-12.png,-0.02
2025-06-14 16-06-13.png,0.02
2025-06-14 16-06-14.png,0.02
2025-06-14 16-06-15.png,0.02
2025-06-14 16-06-16.png,0.02
2025-06-14 16-06-17.png,-0.06
2025-06-14 16-06-18.png,0.02
2025-06-14 16-06-19.png,0.04
2025-06-14 16-06-21.png,0.04
2025-06-14 16-06-22.png,-0.02
2025-06-14 16-06-23.png,-0.02
2025-06-14 16-06-24.png,-0.02
2025-06-14 16-06-25.png,-0.02
2025-06-14 16-06-26.png,-0.02
2025-06-14 16-06-27.png,-0.02
2025-06-14 16-06-28.png,0.16
2025-06-14 16-06-29.png,0.04
2025-06-14 16-06-30.png,-0.06
2025-06-14 16-06-31.png,0.0
2025-06-14 16-06-32.png,0.0
2025-06-14 16-06-33.png,0.0
2025-06-14 16-06-35.png,0.0
2025-06-14 16-06-36.png,0.0
2025-06-14 16-06-37.png,0.0
2025-06-14 16-06-38.png,0.0
2025-06-14 16-06-39.png,0.0
2025-06-14 16-06-40.png,0.0
2025-06-14 16-06-41.png,0.0
2025-06-14 16-06-42.png,0.0
2025-06-14 16-06-43.png,0.0
2025-06-14 16-06-44.png,0.0
2025-06-14 16-06-45.png,0.0
2025-06-14 16-06-46.png,0.0
2025-06-14 16-06-47.png,0.0
2025-06-14 16-06-48.png,0.0
2025-06-14 16-06-50.png,0.0
2025-06-14 16-06-51.png,0.0
2025-06-14 16-06-52.png,0.0
2025-06-14 16-06-53.png,0.0
2025-06-14 16-06-54.png,0.0
2025-06-14 16-06-55.png,-0.1
2025-06-14 16-06-56.png,-0.1
2025-06-14 16-06-57.png,-0.1
2025-06-14 16-06-58.png,-0.1
2025-06-14 16-06-59.png,-0.1
2025-06-14 16-07-00.png,-0.1
2025-06-14 16-07-01.png,-0.1
2025-06-14 16-07-02.png,-0.1
2025-06-14 16-07-03.png,-0.1
2025-06-14 16-07-04.png,-0.1
2025-06-14 16-07-06.png,-0.1
2025-06-14 16-07-07.png,0.0
2025-06-14 16-07-08.png,0.06
2025-06-14 16-07-09.png,0.06
2025-06-14 16-07-10.png,0.06
2025-06-14 16-07-11.png,0.06
2025-06-14 16-07-12.png,0.06
2025-06-14 16-07-13.png,0.06
2025-06-14 16-07-14.png,-0.04
2025-06-14 16-07-15.png,-0.1
2025-06-14 16-07-16.png,-0.1
2025-06-14 16-07-17.png,-0.1
2025-06-14 16-07-18.png,0.0
2025-06-14 16-07-20.png,0.0
2025-06-14 16-07-21.png,0.0
2025-06-14 16-07-22.png,0.0
2025-06-14 16-07-23.png,0.12
2025-06-14 16-07-24.png,-0.08
2025-06-14 16-07-25.png,0.0
2025-06-14 16-07-26.png,0.0
2025-06-14 16-07-27.png,0.0
2025-06-14 16-07-28.png,0.0
2025-06-14 16-07-29.png,0.0
2025-06-14 16-07-30.png,0.0
2025-06-14 16-07-31.png,0.0
2025-06-14 16-07-32.png,0.0
2025-06-14 16-07-33.png,0.0
2025-06-14 16-07-34.png,0.0
2025-06-14 16-07-36.png,0.0
2025-06-14 16-07-37.png,0.0
2025-06-14 16-07-38.png,0.0
2025-06-14 16-07-39.png,0.0
2025-06-14 16-07-40.png,0.0
2025-06-14 16-07-41.png,0.0
2025-06-14 16-07-42.png,0.0
2025-06-14 16-07-43.png,0.0
2025-06-14 16-07-44.png,0.0
2025-06-14 16-07-45.png,0.0
2025-06-14 16-07-46.png,0.0
2025-06-14 16-07-47.png,0.0
2025-06-14 16-07-48.png,0.0
2025-06-14 16-07-49.png,0.0
2025-06-14 16-07-50.png,0.0
2025-06-14 16-07-52.png,0.0
2025-06-14 16-07-53.png,0.0
2025-06-14 16-07-54.png,0.0
2025-06-14 16-07-55.png,0.0
2025-06-14 16-07-56.png,0.0
2025-06-14 16-07-57.png,0.0
2025-06-14 16-07-58.png,0.0
2025-06-14 16-07-59.png,0.0
2025-06-14 16-08-00.png,0.0
2025-06-14 16-08-01.png,0.0
2025-06-14 16-08-02.png,0.0
2025-06-14 16-08-03.png,0.0
2025-06-14 16-08-04.png,0.0
2025-06-14 16-08-05.png,0.0
2025-06-14 16-08-07.png,0.0
2025-06-14 16-08-08.png,0.0
2025-06-14 16-08-09.png,0.0
2025-06-14 16-08-10.png,0.0
2025-06-14 16-08-11.png,0.0
2025-06-14 16-08-12.png,0.0
2025-06-14 16-08-13.png,0.0
2025-06-14 16-08-14.png,-0.08
2025-06-14 16-08-15.png,-0.08
2025-06-14 16-08-16.png,-0.08
2025-06-14 16-08-17.png,-0.08
2025-06-14 16-08-18.png,-0.08
2025-06-14 16-08-19.png,-0.08
2025-06-14 16-08-20.png,-0.08
2025-06-14 16-08-21.png,-0.08
2025-06-14 16-08-23.png,-0.08
2025-06-14 16-08-24.png,-0.08
2025-06-14 16-08-25.png,-0.08
2025-06-14 16-08-26.png,-0.08
2025-06-14 16-08-27.png,-0.08
2025-06-14 16-08-28.png,-0.08
2025-06-14 16-08-29.png,-0.08
2025-06-14 16-08-30.png,-0.08
2025-06-14 16-08-31.png,0.06
2025-06-14 16-08-32.png,0.06
2025-06-14 16-08-33.png,0.06
2025-06-14 16-08-34.png,0.06
2025-06-14 16-08-35.png,0.06
2025-06-14 16-08-36.png,0.06
2025-06-14 16-08-38.png,0.06
2025-06-14 16-08-39.png,-0.14
2025-06-14 16-08-40.png,-0.1
2025-06-14 16-08-41.png,-0.04
2025-06-14 16-08-42.png,0.04
2025-06-14 16-08-43.png,0.0
2025-06-14 16-08-44.png,0.0
2025-06-14 16-08-45.png,0.0
2025-06-14 16-08-46.png,0.0
2025-06-14 16-08-47.png,0.0
2025-06-14 16-08-48.png,0.0
2025-06-14 16-08-49.png,0.0
2025-06-14 16-08-50.png,0.0
2025-06-14 16-08-51.png,0.0
2025-06-14 16-08-53.png,0.0
2025-06-14 16-08-54.png,0.0
2025-06-14 16-08-55.png,0.0
2025-06-14 16-08-56.png,0.0
2025-06-14 16-08-57.png,0.0
2025-06-14 16-08-58.png,0.0
2025-06-14 16-08-59.png,0.0
2025-06-14 16-09-00.png,0.0
2025-06-14 16-09-01.png,0.0
2025-06-14 16-09-02.png,0.0
2025-06-14 16-09-03.png,0.0
2025-06-14 16-09-04.png,0.0
2025-06-14 16-09-05.png,0.0
2025-06-14 16-09-06.png,0.0
2025-06-14 16-09-07.png,0.0
2025-06-14 16-09-09.png,-0.04
2025-06-14 16-09-10.png,-0.04
2025-06-14 16-09-11.png,-0.04
2025-06-14 16-09-12.png,-0.04
2025-06-14 16-09-13.png,0.1
2025-06-14 16-09-14.png,0.1
2025-06-14 16-09-15.png,-0.04
2025-06-14 16-09-16.png,-0.16
2025-06-14 16-09-17.png,0.06
2025-06-14 16-09-18.png,0.0
2025-06-14 16-09-19.png,-0.12
2025-06-14 16-09-20.png,-0.12
2025-06-14 16-09-21.png,0.06
2025-06-14 16-09-22.png,0.26
2025-06-14 16-09-24.png,0.26
2025-06-14 16-09-25.png,0.08
2025-06-14 16-09-26.png,-0.18
2025-06-14 16-09-27.png,-0.06
2025-06-14 16-09-28.png,0.04
2025-06-14 16-09-29.png,-0.02
2025-06-14 16-09-30.png,0.08
2025-06-14 16-09-31.png,0.0
2025-06-14 16-09-32.png,-0.08
2025-06-14 16-09-33.png,-0.08
2025-06-14 16-09-34.png,0.1
2025-06-14 16-09-35.png,0.0
2025-06-14 16-09-36.png,0.0
2025-06-14 16-09-37.png,0.0
2025-06-14 16-09-39.png,0.0
2025-06-14 16-09-40.png,0.0
2025-06-14 16-09-41.png,0.0
2025-06-14 16-09-42.png,0.0
2025-06-14 16-09-43.png,0.0
2025-06-14 16-09-44.png,0.0
2025-06-14 16-09-45.png,0.0
2025-06-14 16-09-46.png,0.0
2025-06-14 16-09-47.png,0.0
2025-06-14 16-09-48.png,-0.04
2025-06-14 16-09-49.png,0.0
2025-06-14 16-09-50.png,-0.06
2025-06-14 16-09-51.png,0.04
2025-06-14 16-09-52.png,-0.06
2025-06-14 16-09-54.png,-0.06
2025-06-14 16-09-55.png,0.08
2025-06-14 16-09-56.png,0.08
2025-06-14 16-09-57.png,-0.06
2025-06-14 16-09-58.png,-0.06
2025-06-14 16-09-59.png,-0.14
2025-06-14 16-10-00.png,-0.06
2025-06-14 16-10-01.png,-0.06
2025-06-14 16-10-02.png,-0.06
2025-06-14 16-10-03.png,-0.06
2025-06-14 16-10-04.png,-0.06
2025-06-14 16-10-05.png,-0.06
2025-06-14 16-10-06.png,-0.08
2025-06-14 16-10-07.png,-0.02
2025-06-14 16-10-08.png,-0.1
2025-06-14 16-10-10.png,-0.1
2025-06-14 16-10-11.png,-0.1
2025-06-14 16-10-12.png,0.16
2025-06-14 16-10-13.png,-0.18
2025-06-14 16-10-14.png,0.04
2025-06-14 16-10-15.png,0.04
2025-06-14 16-10-16.png,-0.12
2025-06-14 16-10-17.png,-0.02
2025-06-14 16-10-18.png,0.04
2025-06-14 16-10-19.png,-0.02
2025-06-14 16-10-20.png,-0.02
2025-06-14 16-10-21.png,-0.02
2025-06-14 16-10-22.png,-0.02
2025-06-14 16-10-23.png,0.06
2025-06-14 16-10-25.png,0.0
2025-06-14 16-10-26.png,0.0
2025-06-14 16-10-27.png,0.0
2025-06-14 16-10-28.png,0.0
2025-06-14 16-10-29.png,0.02
2025-06-14 16-10-30.png,0.0
2025-06-14 16-10-31.png,0.08
2025-06-14 16-10-32.png,-0.06
2025-06-14 16-10-33.png,-0.06
2025-06-14 16-10-34.png,0.14
2025-06-14 16-10-35.png,-0.14
2025-06-14 16-10-36.png,-0.14
2025-06-14 16-10-37.png,0.1
2025-06-14 16-10-38.png,0.02
2025-06-14 16-10-40.png,0.02
2025-06-14 16-10-41.png,0.02
2025-06-14 16-10-42.png,0.02
2025-06-14 16-10-43.png,0.02
2025-06-14 16-10-44.png,-0.06
2025-06-14 16-10-45.png,0.04
2025-06-14 16-10-46.png,0.04
2025-06-14 16-10-47.png,0.04
2025-06-14 16-10-48.png,0.04
2025-06-14 16-10-49.png,0.04
2025-06-14 16-10-50.png,-0.1
2025-06-14 16-10-51.png,-0.1
2025-06-14 16-10-52.png,-0.1
2025-06-14 16-10-53.png,-0.04
2025-06-14 16-10-54.png,-0.08
2025-06-14 16-10-56.png,-0.04
2025-06-14 16-10-57.png,0.04
2025-06-14 16-10-58.png,0.04
2025-06-14 16-10-59.png,-0.04
2025-06-14 16-11-00.png,-0.04
2025-06-14 16-11-01.png,0.06
2025-06-14 16-11-02.png,0.06
2025-06-14 16-11-03.png,-0.04
2025-06-14 16-11-04.png,0.0
2025-06-14 16-11-05.png,0.0
2025-06-14 16-11-06.png,0.0
2025-06-14 16-11-07.png,0.0
2025-06-14 16-11-08.png,0.0
2025-06-14 16-11-09.png,0.0
2025-06-14 16-11-11.png,0.0
2025-06-14 16-11-12.png,0.0
2025-06-14 16-11-13.png,0.0
2025-06-14 16-11-14.png,0.0
2025-06-14 16-11-15.png,0.0
2025-06-14 16-11-16.png,0.0
2025-06-14 16-11-17.png,0.0
2025-06-14 16-11-18.png,0.0
2025-06-14 16-11-19.png,-0.04
2025-06-14 16-11-20.png,-0.04
2025-06-14 16-11-21.png,-0.04
2025-06-14 16-11-22.png,-0.04
2025-06-14 16-11-23.png,-0.04
2025-06-14 16-11-25.png,-0.04
2025-06-14 16-11-26.png,-0.04
2025-06-14 16-11-27.png,-0.04
2025-06-14 16-11-28.png,0.02
2025-06-14 16-11-29.png,0.04
2025-06-14 16-11-30.png,0.04
2025-06-14 16-11-31.png,-0.06
2025-06-14 16-11-32.png,-0.06
2025-06-14 16-11-33.png,-0.06
2025-06-14 16-11-34.png,-0.06
2025-06-14 16-11-35.png,-0.06
2025-06-14 16-11-36.png,-0.02
2025-06-14 16-11-37.png,-0.02
2025-06-14 16-11-38.png,-0.02
2025-06-14 16-11-40.png,-0.02
2025-06-14 16-11-41.png,-0.02
2025-06-14 16-11-42.png,-0.02
2025-06-14 16-11-43.png,-0.02
2025-06-14 16-11-44.png,-0.08
2025-06-14 16-11-45.png,-0.08
2025-06-14 16-11-46.png,-0.08
2025-06-14 16-11-47.png,0.06
2025-06-14 16-11-48.png,-0.04
2025-06-14 16-11-49.png,-0.04
2025-06-14 16-11-50.png,-0.04
2025-06-14 16-11-51.png,0.06
2025-06-14 16-11-52.png,-0.02
2025-06-14 16-11-53.png,-0.02
2025-06-14 16-11-55.png,-0.02
2025-06-14 16-11-56.png,-0.02
2025-06-14 16-11-57.png,-0.02
2025-06-14 16-11-58.png,-0.02
2025-06-14 16-11-59.png,-0.02
2025-06-14 16-12-00.png,0.02
2025-06-14 16-12-01.png,-0.04
2025-06-14 16-12-02.png,0.02
2025-06-14 16-12-03.png,0.02
2025-06-14 16-12-04.png,0.02
2025-06-14 16-12-05.png,0.02
2025-06-14 16-12-06.png,0.0
2025-06-14 16-12-07.png,0.0
2025-06-14 16-12-09.png,0.0
2025-06-14 16-12-10.png,0.0
2025-06-14 16-12-11.png,0.0
2025-06-14 16-12-12.png,0.0
2025-06-14 16-12-13.png,0.0
2025-06-14 16-12-14.png,0.0
2025-06-14 16-12-15.png,0.0
2025-06-14 16-12-16.png,0.0
2025-06-14 16-12-17.png,0.0
2025-06-14 16-12-18.png,0.0
2025-06-14 16-12-19.png,0.0
2025-06-14 16-12-20.png,0.0
2025-06-14 16-12-21.png,0.0
2025-06-14 16-12-22.png,0.0
2025-06-14 16-12-24.png,0.0
2025-06-14 16-12-25.png,0.0
2025-06-14 16-12-26.png,0.0
2025-06-14 16-12-27.png,0.0
2025-06-14 16-12-28.png,0.0
2025-06-14 16-12-29.png,0.0
2025-06-14 16-12-30.png,0.0
2025-06-14 16-12-31.png,0.0
2025-06-14 16-12-32.png,-0.1
2025-06-14 16-12-33.png,-0.5
2025-06-14 16-12-34.png,-0.5
2025-06-14 16-12-35.png,-0.5
2025-06-14 16-12-36.png,-0.5
2025-06-14 16-12-37.png,-0.34
2025-06-14 16-12-39.png,0.06
2025-06-14 16-12-40.png,-0.06
2025-06-14 16-12-41.png,0.06
2025-06-14 16-12-42.png,-0.02
2025-06-14 16-12-43.png,0.04
2025-06-14 16-12-44.png,0.0
2025-06-14 16-12-45.png,0.0
2025-06-14 16-12-46.png,0.0
2025-06-14 16-12-47.png,0.0
2025-06-14 16-12-48.png,0.0
2025-06-14 16-12-49.png,0.0
2025-06-14 16-12-50.png,0.1
2025-06-14 16-12-51.png,0.04
2025-06-14 16-12-52.png,-0.06
2025-06-14 16-12-54.png,0.02
2025-06-14 16-12-55.png,0.04
2025-06-14 16-12-56.png,-0.04
2025-06-14 16-12-57.png,0.02
2025-06-14 16-12-58.png,0.02
2025-06-14 16-12-59.png,0.02
2025-06-14 16-13-00.png,0.02
2025-06-14 16-13-01.png,0.02
2025-06-14 16-13-02.png,0.02
2025-06-14 16-13-03.png,-0.12
2025-06-14 16-13-04.png,-0.12
2025-06-14 16-13-05.png,0.04
2025-06-14 16-13-07.png,0.04
2025-06-14 16-13-08.png,0.04
2025-06-14 16-13-09.png,0.04
2025-06-14 16-13-10.png,-0.04
2025-06-14 16-13-11.png,0.02
2025-06-14 16-13-12.png,0.06
2025-06-14 16-13-13.png,-0.02
2025-06-14 16-13-14.png,0.02
2025-06-14 16-13-15.png,0.02
2025-06-14 16-13-16.png,0.02
2025-06-14 16-13-17.png,0.02
2025-06-14 16-13-18.png,0.02
2025-06-14 16-13-19.png,0.02
2025-06-14 16-13-20.png,0.02
2025-06-14 16-13-22.png,0.02
2025-06-14 16-13-23.png,0.02
2025-06-14 16-13-24.png,0.02
2025-06-14 16-13-25.png,0.02
2025-06-14 16-13-26.png,0.02
2025-06-14 16-13-27.png,0.02
2025-06-14 16-13-28.png,0.02
2025-06-14 16-13-29.png,0.02
2025-06-14 16-13-30.png,0.02
2025-06-14 16-13-31.png,0.02
2025-06-14 16-13-32.png,0.18
2025-06-14 16-13-33.png,0.18
2025-06-14 16-13-34.png,-0.12
2025-06-14 16-13-35.png,-0.12
2025-06-14 16-13-36.png,0.04
2025-06-14 16-13-38.png,0.08
2025-06-14 16-13-39.png,0.08
2025-06-14 16-13-40.png,0.08
2025-06-14 16-13-41.png,0.0
2025-06-14 16-13-42.png,-0.02
2025-06-14 16-13-43.png,-0.02
2025-06-14 16-13-44.png,-0.02
2025-06-14 16-13-45.png,-0.02
2025-06-14 16-13-46.png,0.06
2025-06-14 16-13-47.png,0.06
2025-06-14 16-13-48.png,0.06
2025-06-14 16-13-49.png,0.02
2025-06-14 16-13-50.png,-0.06
2025-06-14 16-13-51.png,-0.06
2025-06-14 16-13-52.png,0.02
2025-06-14 16-13-54.png,0.02
2025-06-14 16-13-55.png,0.02
2025-06-14 16-13-56.png,0.02
2025-06-14 16-13-57.png,0.02
2025-06-14 16-13-58.png,0.04
2025-06-14 16-13-59.png,0.0
2025-06-14 16-14-00.png,0.0
2025-06-14 16-14-01.png,0.0
2025-06-14 16-14-02.png,0.0
2025-06-14 16-14-03.png,0.0
2025-06-14 16-14-04.png,0.0
2025-06-14 16-14-05.png,0.0
2025-06-14 16-14-06.png,0.0
2025-06-14 16-14-08.png,0.0
2025-06-14 16-14-09.png,0.0
2025-06-14 16-14-10.png,0.0
2025-06-14 16-14-11.png,0.0
2025-06-14 16-14-12.png,0.0
2025-06-14 16-14-13.png,-0.06
2025-06-14 16-14-14.png,-0.06
2025-06-14 16-14-15.png,0.0
2025-06-14 16-14-16.png,0.0
2025-06-14 16-14-17.png,0.08
2025-06-14 16-14-18.png,0.08
2025-06-14 16-14-19.png,-0.02
2025-06-14 16-14-20.png,-0.02
2025-06-14 16-14-22.png,0.08
2025-06-14 16-14-23.png,-0.02
2025-06-14 16-14-24.png,-0.02
2025-06-14 16-14-25.png,0.1
2025-06-14 16-14-26.png,0.1
2025-06-14 16-14-27.png,-0.04
2025-06-14 16-14-28.png,-0.26
2025-06-14 16-14-29.png,-0.16
2025-06-14 16-14-30.png,-0.04
2025-06-14 16-14-31.png,0.04
2025-06-14 16-14-32.png,0.26
2025-06-14 16-14-33.png,0.16
2025-06-14 16-14-34.png,0.04
2025-06-14 16-14-35.png,-0.1
2025-06-14 16-14-37.png,-0.2
2025-06-14 16-14-38.png,-0.2
2025-06-14 16-14-39.png,-0.1
2025-06-14 16-14-40.png,0.2
2025-06-14 16-14-41.png,0.06
2025-06-14 16-14-42.png,-0.04
2025-06-14 16-14-43.png,0.04
2025-06-14 16-14-44.png,0.0
2025-06-14 16-14-45.png,0.04
2025-06-14 16-14-46.png,-0.02
2025-06-14 16-14-47.png,0.0
2025-06-14 16-14-48.png,0.0
2025-06-14 16-14-49.png,0.0
2025-06-14 16-14-50.png,0.0
2025-06-14 16-14-52.png,-0.02
2025-06-14 16-14-53.png,0.04
2025-06-14 16-14-54.png,-0.02
2025-06-14 16-14-55.png,-0.02
2025-06-14 16-14-56.png,-0.02
2025-06-14 16-14-57.png,0.14
2025-06-14 16-14-58.png,0.14
2025-06-14 16-14-59.png,0.04
2025-06-14 16-15-00.png,0.04
2025-06-14 16-15-01.png,0.04
2025-06-14 16-15-02.png,0.04
2025-06-14 16-15-03.png,0.14
2025-06-14 16-15-04.png,0.14
2025-06-14 16-15-06.png,0.14
2025-06-14 16-15-07.png,0.14
2025-06-14 16-15-08.png,0.06
2025-06-14 16-15-09.png,-0.1
2025-06-14 16-15-10.png,-0.06
2025-06-14 16-15-11.png,0.12
2025-06-14 16-15-12.png,0.12
2025-06-14 16-15-13.png,0.2
2025-06-14 16-15-14.png,-0.14
2025-06-14 16-15-15.png,-0.02
2025-06-14 16-15-16.png,-0.02
2025-06-14 16-15-17.png,-0.02
2025-06-14 16-15-18.png,0.04
2025-06-14 16-15-19.png,-0.02
2025-06-14 16-15-20.png,0.06
2025-06-14 16-15-22.png,0.0
2025-06-14 16-15-23.png,0.0
2025-06-14 16-15-24.png,0.0
2025-06-14 16-15-25.png,0.04
2025-06-14 16-15-26.png,-0.12
2025-06-14 16-15-27.png,-0.12
2025-06-14 16-15-28.png,0.06
2025-06-14 16-15-29.png,0.06
2025-06-14 16-15-30.png,0.06
2025-06-14 16-15-31.png,0.06
2025-06-14 16-15-32.png,-0.02
2025-06-14 16-15-33.png,-0.12
2025-06-14 16-15-34.png,-0.12
2025-06-14 16-15-35.png,0.06
2025-06-14 16-15-37.png,0.06
2025-06-14 16-15-38.png,0.06
2025-06-14 16-15-39.png,0.06
2025-06-14 16-15-40.png,-0.02
2025-06-14 16-15-41.png,-0.02
2025-06-14 16-15-42.png,-0.02
2025-06-14 16-15-43.png,0.0
2025-06-14 16-15-44.png,0.0
2025-06-14 16-15-45.png,0.0
2025-06-14 16-15-46.png,0.0
2025-06-14 16-15-47.png,0.0
2025-06-14 16-15-48.png,0.0
2025-06-14 16-15-49.png,0.0
2025-06-14 16-15-50.png,0.0
2025-06-14 16-15-52.png,0.0
2025-06-14 16-15-53.png,0.0
2025-06-14 16-15-54.png,0.0
2025-06-14 16-15-55.png,0.0
2025-06-14 16-15-56.png,0.0
2025-06-14 16-15-57.png,0.0
2025-06-14 16-15-58.png,0.0
2025-06-14 16-15-59.png,0.0
2025-06-14 16-16-00.png,0.0
2025-06-14 16-16-01.png,0.0
2025-06-14 16-16-02.png,0.0
2025-06-14 16-16-03.png,0.0
2025-06-14 16-16-04.png,0.0
2025-06-14 16-16-05.png,0.0
2025-06-14 16-16-06.png,0.0
2025-06-14 16-16-08.png,0.0
2025-06-14 16-16-09.png,0.0
2025-06-14 16-16-10.png,0.0
2025-06-14 16-16-11.png,-0.04
2025-06-14 16-16-12.png,-0.04
2025-06-14 16-16-13.png,0.1
2025-06-14 16-16-14.png,-0.1
2025-06-14 16-16-15.png,0.0
2025-06-14 16-16-16.png,0.0
2025-06-14 16-16-17.png,0.0
2025-06-14 16-16-18.png,0.0
2025-06-14 16-16-19.png,0.0
2025-06-14 16-16-20.png,0.0
2025-06-14 16-16-21.png,0.0
2025-06-14 16-16-23.png,0.0
2025-06-14 16-16-24.png,0.0
2025-06-14 16-16-25.png,0.0
2025-06-14 16-16-26.png,0.0
2025-06-14 16-16-27.png,0.0
2025-06-14 16-16-28.png,0.0
2025-06-14 16-16-29.png,0.1
2025-06-14 16-16-30.png,0.0
2025-06-14 16-16-31.png,0.0
2025-06-14 16-16-32.png,0.0
2025-06-14 16-16-33.png,0.0
2025-06-14 16-16-34.png,0.0
2025-06-14 16-16-35.png,-0.1
2025-06-14 16-16-36.png,0.04
2025-06-14 16-16-38.png,0.04
2025-06-14 16-16-39.png,0.18
2025-06-14 16-16-40.png,0.18
2025-06-14 16-16-41.png,0.1
2025-06-14 16-16-42.png,0.02
2025-06-14 16-16-43.png,0.14
2025-06-14 16-16-44.png,0.06
2025-06-14 16-16-45.png,0.06
2025-06-14 16-16-46.png,0.06
2025-06-14 16-16-47.png,0.06
2025-06-14 16-16-48.png,0.06
2025-06-14 16-16-49.png,0.06
2025-06-14 16-16-50.png,0.06
2025-06-14 16-16-51.png,0.06
2025-06-14 16-16-52.png,0.06
2025-06-14 16-16-54.png,0.06
2025-06-14 16-16-55.png,-0.02
2025-06-14 16-16-56.png,-0.02
2025-06-14 16-16-57.png,-0.02
2025-06-14 16-16-58.png,0.06
2025-06-14 16-16-59.png,-0.06
2025-06-14 16-17-00.png,0.06
2025-06-14 16-17-01.png,0.04
2025-06-14 16-17-02.png,0.0
2025-06-14 16-17-03.png,-0.06
2025-06-14 16-17-04.png,-0.06
2025-06-14 16-17-05.png,-0.04
2025-06-14 16-17-06.png,0.04
2025-06-14 16-17-07.png,0.04
2025-06-14 16-17-09.png,0.04
2025-06-14 16-17-10.png,-0.04
2025-06-14 16-17-11.png,0.02
2025-06-14 16-17-12.png,0.02
2025-06-14 16-17-13.png,0.02
2025-06-14 16-17-14.png,-0.08
2025-06-14 16-17-15.png,0.04
2025-06-14 16-17-16.png,-0.04
2025-06-14 16-17-17.png,-0.02
2025-06-14 16-17-18.png,-0.04
2025-06-14 16-17-19.png,0.06
2025-06-14 16-17-20.png,-0.02
2025-06-14 16-17-21.png,-0.02
2025-06-14 16-17-22.png,0.0
2025-06-14 16-17-23.png,0.1
2025-06-14 16-17-25.png,0.1
2025-06-14 16-17-26.png,0.02
2025-06-14 16-17-27.png,0.02
2025-06-14 16-17-28.png,0.02
2025-06-14 16-17-29.png,0.02
2025-06-14 16-17-30.png,-0.12
2025-06-14 16-17-31.png,0.04
2025-06-14 16-17-32.png,-0.08
2025-06-14 16-17-33.png,0.02
2025-06-14 16-17-34.png,0.02
2025-06-14 16-17-35.png,0.02
2025-06-14 16-17-36.png,0.02
2025-06-14 16-17-37.png,0.02
2025-06-14 16-17-38.png,0.04
2025-06-14 16-17-39.png,-0.06
2025-06-14 16-17-41.png,0.02
2025-06-14 16-17-42.png,0.02
2025-06-14 16-17-43.png,0.02
2025-06-14 16-17-44.png,0.0
2025-06-14 16-17-45.png,0.0
2025-06-14 16-17-46.png,0.0
2025-06-14 16-17-47.png,0.0
2025-06-14 16-17-48.png,-0.02
2025-06-14 16-17-49.png,-0.02
2025-06-14 16-17-50.png,-0.02
2025-06-14 16-17-51.png,0.0
2025-06-14 16-17-52.png,0.0
2025-06-14 16-17-53.png,0.06
2025-06-14 16-17-55.png,0.2
2025-06-14 16-17-56.png,0.2
2025-06-14 16-17-57.png,0.2
2025-06-14 16-17-58.png,0.04
2025-06-14 16-17-59.png,-0.34
2025-06-14 16-18-00.png,0.06
2025-06-14 16-18-01.png,0.2
2025-06-14 16-18-02.png,0.2
2025-06-14 16-18-03.png,0.04
2025-06-14 16-18-04.png,0.04
2025-06-14 16-18-05.png,0.16
2025-06-14 16-18-06.png,0.16
2025-06-14 16-18-07.png,0.0
2025-06-14 16-18-08.png,-0.22
2025-06-14 16-18-10.png,-0.04
2025-06-14 16-18-11.png,0.14
2025-06-14 16-18-12.png,0.14
2025-06-14 16-18-13.png,0.02
2025-06-14 16-18-14.png,0.02
2025-06-14 16-18-15.png,0.02
2025-06-14 16-18-16.png,0.02
2025-06-14 16-18-17.png,0.0
2025-06-14 16-18-18.png,0.0
2025-06-14 16-18-19.png,0.0
2025-06-14 16-18-20.png,0.0
2025-06-14 16-18-21.png,0.0
2025-06-14 16-18-22.png,0.0
2025-06-14 16-18-23.png,0.0
2025-06-14 16-18-25.png,0.0
2025-06-14 16-18-26.png,0.0
2025-06-14 16-18-27.png,0.0
2025-06-14 16-18-28.png,0.0
2025-06-14 16-18-29.png,0.0
2025-06-14 16-18-30.png,0.0
2025-06-14 16-18-31.png,0.0
2025-06-14 16-18-32.png,0.0
2025-06-14 16-18-33.png,0.0
2025-06-14 16-18-34.png,0.0
2025-06-14 16-18-35.png,0.0
2025-06-14 16-18-36.png,0.0
2025-06-14 16-18-37.png,0.0
2025-06-14 16-18-38.png,0.0
2025-06-14 16-18-40.png,0.0
2025-06-14 16-18-41.png,0.0
2025-06-14 16-18-42.png,0.0
2025-06-14 16-18-43.png,0.0
2025-06-14 16-18-44.png,0.0
2025-06-14 16-18-45.png,0.0
2025-06-14 16-18-46.png,0.0
2025-06-14 16-18-47.png,0.08
2025-06-14 16-18-48.png,-0.02
2025-06-14 16-18-49.png,-0.02
2025-06-14 16-18-50.png,-0.14
2025-06-14 16-18-51.png,-0.14
2025-06-14 16-18-52.png,0.0
2025-06-14 16-18-53.png,0.04
2025-06-14 16-18-54.png,0.04
2025-06-14 16-18-56.png,0.14
2025-06-14 16-18-57.png,0.0
2025-06-14 16-18-58.png,0.0
2025-06-14 16-18-59.png,0.0
2025-06-14 16-19-00.png,0.1
2025-06-14 16-19-01.png,0.1
2025-06-14 16-19-02.png,0.1
2025-06-14 16-19-03.png,0.1
2025-06-14 16-19-04.png,0.1
2025-06-14 16-19-05.png,0.1
2025-06-14 16-19-06.png,0.1
2025-06-14 16-19-07.png,0.08
2025-06-14 16-19-08.png,0.0
2025-06-14 16-19-09.png,0.0
2025-06-14 16-19-10.png,0.0
2025-06-14 16-19-12.png,0.0
2025-06-14 16-19-13.png,0.0
2025-06-14 16-19-14.png,-0.04
2025-06-14 16-19-15.png,-0.12
2025-06-14 16-19-16.png,-0.22
2025-06-14 16-19-17.png,-0.22
2025-06-14 16-19-18.png,-0.08
2025-06-14 16-19-19.png,-0.02
2025-06-14 16-19-20.png,-0.02
2025-06-14 16-19-21.png,-0.02
2025-06-14 16-19-22.png,0.12
2025-06-14 16-19-23.png,0.04
2025-06-14 16-19-24.png,0.04
2025-06-14 16-19-25.png,0.04
2025-06-14 16-19-27.png,0.04
2025-06-14 16-19-28.png,0.04
2025-06-14 16-19-29.png,0.2
2025-06-14 16-19-30.png,0.2
2025-06-14 16-19-31.png,0.0
2025-06-14 16-19-32.png,0.0
2025-06-14 16-19-33.png,0.0
2025-06-14 16-19-34.png,0.0
2025-06-14 16-19-35.png,0.12
2025-06-14 16-19-36.png,0.12
2025-06-14 16-19-37.png,0.0
2025-06-14 16-19-38.png,0.0
2025-06-14 16-19-39.png,0.0
2025-06-14 16-19-40.png,0.0
2025-06-14 16-19-42.png,-0.1
2025-06-14 16-19-43.png,-0.1
2025-06-14 16-19-44.png,0.08
2025-06-14 16-19-45.png,0.2
2025-06-14 16-19-46.png,-0.1
2025-06-14 16-19-47.png,-0.1
2025-06-14 16-19-48.png,-0.1
2025-06-14 16-19-49.png,0.06
2025-06-14 16-19-50.png,0.16
2025-06-14 16-19-51.png,0.02
2025-06-14 16-19-52.png,-0.2
2025-06-14 16-19-53.png,0.08
2025-06-14 16-19-54.png,0.22
2025-06-14 16-19-56.png,0.14
2025-06-14 16-19-57.png,0.14
2025-06-14 16-19-58.png,0.06
2025-06-14 16-19-59.png,0.0
2025-06-14 16-20-00.png,0.06
2025-06-14 16-20-01.png,0.06
2025-06-14 16-20-02.png,0.08
2025-06-14 16-20-03.png,-0.04
2025-06-14 16-20-04.png,0.12
2025-06-14 16-20-05.png,0.12
2025-06-14 16-20-06.png,0.12
2025-06-14 16-20-07.png,-0.12
2025-06-14 16-20-08.png,0.02
2025-06-14 16-20-09.png,0.02
2025-06-14 16-20-11.png,0.02
2025-06-14 16-20-12.png,0.02
2025-06-14 16-20-13.png,0.02
2025-06-14 16-20-14.png,0.02
2025-06-14 16-20-15.png,0.02
2025-06-14 16-20-16.png,0.02
2025-06-14 16-20-17.png,0.02
2025-06-14 16-20-18.png,0.02
2025-06-14 16-20-19.png,0.02
2025-06-14 16-20-20.png,0.02
2025-06-14 16-20-21.png,0.02
2025-06-14 16-20-22.png,-0.16
2025-06-14 16-20-23.png,-0.16
2025-06-14 16-20-24.png,-0.04
2025-06-14 16-20-26.png,0.1
2025-06-14 16-20-27.png,0.22
2025-06-14 16-20-28.png,0.22
2025-06-14 16-20-29.png,-0.04
2025-06-14 16-20-30.png,-0.04
2025-06-14 16-20-31.png,0.08
2025-06-14 16-20-32.png,0.22
2025-06-14 16-20-33.png,0.14
2025-06-14 16-20-34.png,0.02
2025-06-14 16-20-35.png,0.02
2025-06-14 16-20-36.png,0.02
2025-06-14 16-20-37.png,0.02
2025-06-14 16-20-38.png,0.02
2025-06-14 16-20-39.png,0.02
2025-06-14 16-20-40.png,0.02
2025-06-14 16-20-42.png,0.02
2025-06-14 16-20-43.png,-0.12
2025-06-14 16-20-44.png,-0.3
2025-06-14 16-20-45.png,-0.3
2025-06-14 16-20-46.png,-0.3
2025-06-14 16-20-47.png,-0.16
2025-06-14 16-20-48.png,0.06
2025-06-14 16-20-49.png,-0.02
2025-06-14 16-20-50.png,-0.02
2025-06-14 16-20-51.png,-0.02
2025-06-14 16-20-52.png,0.08
2025-06-14 16-20-53.png,0.08
2025-06-14 16-20-54.png,0.08
2025-06-14 16-20-55.png,-0.1
2025-06-14 16-20-56.png,0.0
2025-06-14 16-20-58.png,0.0
2025-06-14 16-20-59.png,0.0
2025-06-14 16-21-00.png,0.0
2025-06-14 16-21-01.png,0.0
2025-06-14 16-21-02.png,0.0
2025-06-14 16-21-03.png,0.0
2025-06-14 16-21-04.png,0.0
2025-06-14 16-21-05.png,0.0
2025-06-14 16-21-06.png,0.0
2025-06-14 16-21-07.png,0.0
2025-06-14 16-21-08.png,0.16
2025-06-14 16-21-09.png,0.16
2025-06-14 16-21-10.png,0.16
2025-06-14 16-21-11.png,0.32
2025-06-14 16-21-13.png,0.32
2025-06-14 16-21-14.png,-0.24
2025-06-14 16-21-15.png,-0.34
2025-06-14 16-21-16.png,0.02
2025-06-14 16-21-17.png,0.16
2025-06-14 16-21-18.png,0.16
2025-06-14 16-21-19.png,0.16
2025-06-14 16-21-20.png,0.16
2025-06-14 16-21-21.png,0.16
2025-06-14 16-21-22.png,0.06
2025-06-14 16-21-23.png,-0.1
2025-06-14 16-21-24.png,-0.1
2025-06-14 16-21-25.png,-0.1
2025-06-14 16-21-26.png,0.02
2025-06-14 16-21-28.png,0.12
2025-06-14 16-21-29.png,0.1
2025-06-14 16-21-30.png,0.28
2025-06-14 16-21-31.png,0.22
2025-06-14 16-21-32.png,-0.08
2025-06-14 16-21-33.png,-0.04
2025-06-14 16-21-34.png,0.06
2025-06-14 16-21-35.png,-0.06
2025-06-14 16-21-36.png,-0.06
2025-06-14 16-21-37.png,-0.06
2025-06-14 16-21-38.png,-0.06
2025-06-14 16-21-39.png,-0.06
2025-06-14 16-21-40.png,-0.06
2025-06-14 16-21-41.png,-0.06
2025-06-14 16-21-42.png,-0.06
2025-06-14 16-21-43.png,0.06
2025-06-14 16-21-45.png,-0.12
2025-06-14 16-21-46.png,-0.1
2025-06-14 16-21-47.png,-0.1
2025-06-14 16-21-48.png,-0.1
2025-06-14 16-21-49.png,0.0
2025-06-14 16-21-50.png,0.0
2025-06-14 16-21-51.png,-0.1
2025-06-14 16-21-52.png,0.04
2025-06-14 16-21-53.png,-0.02
2025-06-14 16-21-54.png,-0.02
2025-06-14 16-21-55.png,0.0
2025-06-14 16-21-56.png,0.0
2025-06-14 16-21-57.png,0.0
2025-06-14 16-21-59.png,0.0
2025-06-14 16-22-00.png,0.0
2025-06-14 16-22-01.png,0.0
2025-06-14 16-22-02.png,0.0
2025-06-14 16-22-03.png,0.1
2025-06-14 16-22-04.png,-0.02
2025-06-14 16-22-05.png,0.08
2025-06-14 16-22-06.png,0.14
2025-06-14 16-22-07.png,0.08
2025-06-14 16-22-08.png,-0.02
2025-06-14 16-22-09.png,0.16
2025-06-14 16-22-10.png,0.08
2025-06-14 16-22-11.png,0.08
2025-06-14 16-22-12.png,0.06
2025-06-14 16-22-14.png,0.22
2025-06-14 16-22-15.png,0.12
2025-06-14 16-22-16.png,0.06
2025-06-14 16-22-17.png,0.0
2025-06-14 16-22-18.png,0.0
2025-06-14 16-22-19.png,0.0
2025-06-14 16-22-20.png,0.0
2025-06-14 16-22-21.png,0.0
2025-06-14 16-22-22.png,0.0
2025-06-14 16-22-23.png,0.12
2025-06-14 16-22-24.png,0.06
2025-06-14 16-22-25.png,-0.06
2025-06-14 16-22-26.png,0.04
2025-06-14 16-22-27.png,-0.12
2025-06-14 16-22-29.png,0.14
2025-06-14 16-22-30.png,0.06
2025-06-14 16-22-31.png,-0.04
2025-06-14 16-22-32.png,-0.02
2025-06-14 16-22-33.png,0.02
2025-06-14 16-22-34.png,0.02
2025-06-14 16-22-35.png,0.02
2025-06-14 16-22-36.png,-0.02
2025-06-14 16-22-37.png,0.0
2025-06-14 16-22-38.png,0.0
2025-06-14 16-22-39.png,0.0
2025-06-14 16-22-40.png,0.0
2025-06-14 16-22-41.png,0.0
2025-06-14 16-22-43.png,0.0
2025-06-14 16-22-44.png,0.0
2025-06-14 16-22-45.png,0.0
2025-06-14 16-22-46.png,0.0
2025-06-14 16-22-47.png,0.0
2025-06-14 16-22-48.png,0.0
2025-06-14 16-22-49.png,0.0
2025-06-14 16-22-50.png,0.0
2025-06-14 16-22-51.png,0.0
2025-06-14 16-22-52.png,0.0
2025-06-14 16-22-53.png,0.0
2025-06-14 16-22-54.png,0.0
2025-06-14 16-22-55.png,0.0
2025-06-14 16-22-56.png,0.16
2025-06-14 16-22-58.png,0.0
2025-06-14 16-22-59.png,0.0
2025-06-14 16-23-00.png,0.0
2025-06-14 16-23-01.png,0.0
2025-06-14 16-23-02.png,0.0
2025-06-14 16-23-03.png,0.04
2025-06-14 16-23-04.png,0.16
2025-06-14 16-23-05.png,0.04
2025-06-14 16-23-06.png,-0.08
2025-06-14 16-23-07.png,0.04
2025-06-14 16-23-08.png,0.04
2025-06-14 16-23-09.png,0.06
2025-06-14 16-23-10.png,0.06
2025-06-14 16-23-11.png,-0.06
2025-06-14 16-23-13.png,0.04
2025-06-14 16-23-14.png,0.04
2025-06-14 16-23-15.png,0.04
2025-06-14 16-23-16.png,0.22
2025-06-14 16-23-17.png,0.1
2025-06-14 16-23-18.png,-0.02
2025-06-14 16-23-19.png,-0.28
2025-06-14 16-23-20.png,-0.1
2025-06-14 16-23-21.png,0.34
2025-06-14 16-23-22.png,0.34
2025-06-14 16-23-23.png,-0.12
2025-06-14 16-23-24.png,-0.5
2025-06-14 16-23-25.png,-0.5
2025-06-14 16-23-26.png,-0.5
2025-06-14 16-23-28.png,-0.5
2025-06-14 16-23-29.png,-0.5
2025-06-14 16-23-30.png,-0.5
2025-06-14 16-23-31.png,-0.5
2025-06-14 16-23-32.png,-0.5
2025-06-14 16-23-33.png,-0.5
2025-06-14 16-23-34.png,-0.5
2025-06-14 16-23-35.png,-0.16
2025-06-14 16-23-36.png,-0.16
2025-06-14 16-23-37.png,-0.16
2025-06-14 16-23-38.png,0.0
2025-06-14 16-23-39.png,0.48
2025-06-14 16-23-40.png,0.48
2025-06-14 16-23-41.png,0.5
2025-06-14 16-23-42.png,0.5
2025-06-14 16-23-43.png,0.5
2025-06-14 16-23-45.png,0.5
2025-06-14 16-23-46.png,0.2
2025-06-14 16-23-47.png,-0.12
2025-06-14 16-23-48.png,-0.12
2025-06-14 16-23-49.png,-0.12
2025-06-14 16-23-50.png,-0.12
2025-06-14 16-23-51.png,-0.12
2025-06-14 16-28-39.png,0
2025-06-14 16-28-40.png,0
2025-06-14 16-28-42.png,0
2025-06-14 16-28-42.png,0
2025-06-14 16-28-42.png,0
2025-06-14 16-28-42.png,0
2025-06-14 16-28-42.png,0
2025-06-14 16-28-42.png,0
2025-06-14 16-28-42.png,0
2025-06-14 16-28-42.png,0
2025-06-14 16-28-42.png,0
2025-06-14 16-28-42.png,0
2025-06-14 16-28-43.png,0
2025-06-14 16-28-43.png,0
2025-06-14 16-28-43.png,0
2025-06-14 16-28-43.png,0
2025-06-14 16-28-43.png,0
2025-06-14 16-28-43.png,0
2025-06-14 16-28-43.png,0
2025-06-14 16-28-43.png,0
2025-06-14 16-28-43.png,0
2025-06-14 16-28-43.png,0
2025-06-14 16-28-43.png,0
2025-06-14 16-28-44.png,0
2025-06-14 16-28-44.png,0
2025-06-14 16-28-44.png,0
2025-06-14 16-28-44.png,0
2025-06-14 16-28-44.png,0
2025-06-14 16-28-44.png,0
2025-06-14 16-28-44.png,0
2025-06-14 16-28-44.png,0
2025-06-14 16-28-44.png,0
2025-06-14 16-28-44.png,0
2025-06-14 16-28-44.png,0
2025-06-14 16-28-44.png,0
2025-06-14 16-28-45.png,0
2025-06-14 16-28-45.png,0
2025-06-14 16-28-45.png,0
2025-06-14 16-28-45.png,0
2025-06-14 16-28-45.png,0
2025-06-14 16-28-45.png,0
2025-06-14 16-28-45.png,0
2025-06-14 16-28-45.png,0
2025-06-14 16-28-45.png,0
2025-06-14 16-28-45.png,-0.32
2025-06-14 16-28-45.png,-0.5
2025-06-14 16-28-45.png,-0.5
2025-06-14 16-28-46.png,-0.5
2025-06-14 16-28-46.png,-0.5
2025-06-14 16-28-46.png,-0.5
2025-06-14 16-28-46.png,-0.5
2025-06-14 16-28-46.png,-0.5
2025-06-14 16-28-46.png,-0.5
2025-06-14 16-28-46.png,0.5
2025-06-14 16-28-46.png,0.5
2025-06-14 16-28-46.png,0.5
2025-06-14 16-28-47.png,0.5
2025-06-14 16-28-47.png,0.5
2025-06-14 16-28-47.png,0.5
2025-06-14 16-28-47.png,0.5
2025-06-14 16-28-47.png,0.5
2025-06-14 16-28-47.png,0.5
2025-06-14 16-28-47.png,0.5
2025-06-14 16-28-47.png,0.5
2025-06-14 16-28-47.png,-0.46
2025-06-14 16-28-48.png,-0.5
2025-06-14 16-28-48.png,-0.5
2025-06-14 16-28-48.png,-0.5
2025-06-14 16-28-48.png,-0.5
2025-06-14 16-28-48.png,-0.5
2025-06-14 16-28-48.png,0.04
2025-06-14 16-28-48.png,0.34
2025-06-14 16-28-49.png,0.34
2025-06-14 16-28-49.png,0.34
2025-06-14 16-28-49.png,0.34
2025-06-14 16-28-49.png,0.34
2025-06-14 16-28-49.png,-0.3
2025-06-14 16-28-49.png,-0.5
2025-06-14 16-28-49.png,-0.5
2025-06-14 16-28-49.png,-0.5
2025-06-14 16-28-50.png,-0.44
2025-06-14 16-28-50.png,0.16
2025-06-14 16-28-50.png,0.16
2025-06-14 16-28-50.png,0.16
2025-06-14 16-28-50.png,0.16
2025-06-14 16-28-51.png,0.16
2025-06-14 16-28-51.png,0.16
2025-06-14 16-28-51.png,0.16
2025-06-14 16-28-51.png,0.16
2025-06-14 16-28-51.png,0.16
2025-06-14 16-28-51.png,0.16
2025-06-14 16-28-51.png,0.16
2025-06-14 16-28-52.png,0.16
2025-06-14 16-28-52.png,0.16
2025-06-14 16-28-52.png,-0.5
2025-06-14 16-28-52.png,-0.5
2025-06-14 16-28-52.png,-0.5
2025-06-14 16-28-52.png,-0.5
2025-06-14 16-28-52.png,0.1
2025-06-14 16-28-53.png,0.12
2025-06-14 16-28-53.png,0.12
2025-06-14 16-28-53.png,0.12
2025-06-14 16-28-53.png,0.12
2025-06-14 16-28-53.png,0.12
2025-06-14 16-28-54.png,0.12
2025-06-14 16-28-54.png,0.12
2025-06-14 16-28-54.png,-0.38
2025-06-14 16-28-54.png,-0.5
2025-06-14 16-28-54.png,-0.5
2025-06-14 16-28-54.png,0.08
2025-06-14 16-28-55.png,0.08
2025-06-14 16-28-55.png,0.08
2025-06-14 16-28-55.png,0.08
2025-06-14 16-28-55.png,0.08
2025-06-14 16-28-55.png,0.08
2025-06-14 16-28-56.png,0.08
2025-06-14 16-28-56.png,0.08
2025-06-14 16-28-56.png,0.08
2025-06-14 16-28-56.png,0.08
2025-06-14 16-28-56.png,0.08
2025-06-14 16-28-57.png,0.08
2025-06-14 16-28-57.png,0.08
2025-06-14 16-28-57.png,0.08
2025-06-14 16-28-57.png,0.08
2025-06-14 16-28-57.png,0.08
2025-06-14 16-28-57.png,0.08
2025-06-14 16-28-57.png,0.08
2025-06-14 16-28-57.png,0.08
2025-06-14 16-28-57.png,0.08
2025-06-14 16-28-58.png,0.08
2025-06-14 16-28-58.png,0.08
2025-06-14 16-28-58.png,0.08
2025-06-14 16-28-58.png,0.08
2025-06-14 16-28-58.png,0.08
2025-06-14 16-28-58.png,0.08
2025-06-14 16-28-58.png,0.08
2025-06-14 16-28-58.png,0.08
2025-06-14 16-28-58.png,0.08
2025-06-14 16-28-58.png,0.08
2025-06-14 16-28-58.png,0.08
2025-06-14 16-28-58.png,0.08
2025-06-14 16-28-58.png,0.08
2025-06-14 16-28-58.png,0.08
2025-06-14 16-28-58.png,0.08
2025-06-14 16-28-59.png,0.08
2025-06-14 16-28-59.png,0.08
2025-06-14 16-28-59.png,0.08
2025-06-14 16-28-59.png,0.08
2025-06-14 16-28-59.png,0.08
2025-06-14 16-28-59.png,0.08
2025-06-14 16-28-59.png,0.08
2025-06-14 16-28-59.png,0.08
2025-06-14 16-28-59.png,0.08
2025-06-14 16-28-59.png,0.08
2025-06-14 16-28-59.png,0.08
2025-06-14 16-29-00.png,0.08
2025-06-14 16-29-00.png,0.08
2025-06-14 16-29-00.png,0.08
2025-06-14 16-29-00.png,0.08
2025-06-14 16-29-00.png,0.08
2025-06-14 16-29-00.png,0.08
2025-06-14 16-29-00.png,0.08
2025-06-14 16-29-00.png,0.08
2025-06-14 16-29-00.png,0.08
2025-06-14 16-29-00.png,0.08
2025-06-14 16-29-00.png,0.08
2025-06-14 16-29-00.png,0.08
2025-06-14 16-29-01.png,0.08
2025-06-14 16-29-01.png,0.08
2025-06-14 16-29-01.png,0.08
2025-06-14 16-29-01.png,0.08
2025-06-14 16-29-07.png,0
2025-06-14 16-29-07.png,0
2025-06-14 16-29-07.png,0
2025-06-14 16-29-08.png,0
2025-06-14 16-29-08.png,0
2025-06-14 16-29-08.png,0
2025-06-14 16-29-08.png,0
2025-06-14 16-29-08.png,0
2025-06-14 16-29-08.png,0
2025-06-14 16-29-08.png,0
2025-06-14 16-29-08.png,0
2025-06-14 16-29-08.png,0
2025-06-14 16-29-09.png,0
2025-06-14 16-29-09.png,0
2025-06-14 16-29-09.png,0
2025-06-14 16-29-09.png,0
2025-06-14 16-29-09.png,0
2025-06-14 16-29-09.png,0
2025-06-14 16-29-09.png,0
2025-06-14 16-29-09.png,0
2025-06-14 16-29-09.png,0
2025-06-14 16-29-09.png,0
2025-06-14 16-29-10.png,0
2025-06-14 16-29-10.png,0
2025-06-14 16-29-10.png,0
2025-06-14 16-29-10.png,0
2025-06-14 16-29-10.png,0
2025-06-14 16-29-10.png,0
2025-06-14 16-29-10.png,0
2025-06-14 16-29-10.png,0
2025-06-14 16-29-10.png,0
2025-06-14 16-29-10.png,0
2025-06-14 16-29-10.png,0
2025-06-14 16-29-10.png,0
2025-06-14 16-29-11.png,0
2025-06-14 16-29-11.png,0
2025-06-14 16-29-11.png,0
2025-06-14 16-29-11.png,0
2025-06-14 16-29-11.png,0
2025-06-14 16-29-11.png,0
2025-06-14 16-29-11.png,0
2025-06-14 16-29-11.png,0
2025-06-14 16-29-11.png,0
2025-06-14 16-29-11.png,0
2025-06-14 16-29-11.png,0
2025-06-14 16-29-12.png,0
2025-06-14 16-29-12.png,0
2025-06-14 16-29-12.png,0
2025-06-14 16-29-12.png,0
2025-06-14 16-29-12.png,0
2025-06-14 16-29-12.png,0
2025-06-14 16-29-12.png,0
2025-06-14 16-29-12.png,0
2025-06-14 16-29-12.png,0
2025-06-14 16-29-12.png,0
2025-06-14 16-29-12.png,0
2025-06-14 16-29-13.png,0
2025-06-14 16-29-13.png,0
2025-06-14 16-29-13.png,0
2025-06-14 16-29-13.png,0
2025-06-14 16-29-13.png,0
2025-06-14 16-29-13.png,0
2025-06-14 16-29-13.png,0
2025-06-14 16-29-13.png,0
2025-06-14 16-29-13.png,0
2025-06-14 16-29-13.png,0
2025-06-14 16-29-13.png,0
2025-06-14 16-29-13.png,0
2025-06-14 16-29-14.png,0
2025-06-14 16-29-14.png,0
2025-06-14 16-29-14.png,0
2025-06-14 16-29-14.png,0
2025-06-14 16-29-14.png,0
2025-06-14 16-29-14.png,0
2025-06-14 16-29-14.png,0
2025-06-14 16-29-14.png,0
2025-06-14 16-29-14.png,0
2025-06-14 16-29-14.png,0
2025-06-14 16-29-15.png,0
2025-06-14 16-29-15.png,0
2025-06-14 16-29-15.png,0
2025-06-14 16-29-15.png,0
2025-06-14 16-29-15.png,0
2025-06-14 16-29-15.png,0
2025-06-14 16-29-15.png,0
2025-06-14 16-29-15.png,0
2025-06-14 16-29-15.png,0
2025-06-14 16-29-15.png,0
2025-06-14 16-29-15.png,0
2025-06-14 16-29-16.png,0
2025-06-14 16-29-16.png,0
2025-06-14 16-29-16.png,0
2025-06-14 16-29-16.png,0
2025-06-14 16-29-16.png,0
2025-06-14 16-29-16.png,0
2025-06-14 16-29-16.png,0
2025-06-14 16-29-16.png,0
2025-06-14 16-29-16.png,0
2025-06-14 16-29-16.png,0
2025-06-14 16-29-16.png,0
2025-06-14 16-29-17.png,0
2025-06-14 16-29-17.png,0
2025-06-14 16-29-17.png,0
2025-06-14 16-29-17.png,0
2025-06-14 16-29-17.png,0
2025-06-14 16-29-17.png,0
2025-06-14 16-29-17.png,0
2025-06-14 16-29-17.png,0
2025-06-14 16-29-17.png,0
2025-06-14 16-29-17.png,0
2025-06-14 16-29-18.png,0
2025-06-14 16-29-18.png,0
2025-06-14 16-29-18.png,0
2025-06-14 16-29-18.png,0
2025-06-14 16-29-18.png,0
2025-06-14 16-29-18.png,0
2025-06-14 16-29-18.png,0
2025-06-14 16-29-18.png,0
2025-06-14 16-29-18.png,0
2025-06-14 16-29-18.png,0
2025-06-14 16-29-18.png,0
2025-06-14 16-29-19.png,0
2025-06-14 16-29-19.png,0
2025-06-14 16-29-48.png,0
2025-06-14 16-29-49.png,0
2025-06-14 16-29-50.png,0
2025-06-14 16-29-51.png,0
2025-06-14 16-29-53.png,0
2025-06-14 16-29-53.png,0
2025-06-14 16-29-53.png,0
2025-06-14 16-29-53.png,0
2025-06-14 16-29-53.png,0
2025-06-14 16-29-53.png,0
2025-06-14 16-29-53.png,0
2025-06-14 16-29-53.png,0
2025-06-14 16-29-53.png,0
2025-06-14 16-29-54.png,0
2025-06-14 16-29-54.png,0
2025-06-14 16-29-54.png,0
2025-06-14 16-29-54.png,0
2025-06-14 16-29-54.png,0
2025-06-14 16-29-54.png,0
2025-06-14 16-29-54.png,0
2025-06-14 16-29-54.png,0
2025-06-14 16-29-54.png,0
2025-06-14 16-29-54.png,0
2025-06-14 16-29-55.png,0
2025-06-14 16-29-55.png,0
2025-06-14 16-29-55.png,0
2025-06-14 16-29-55.png,0
2025-06-14 16-29-55.png,0
2025-06-14 16-29-55.png,0
2025-06-14 16-29-55.png,0
2025-06-14 16-29-55.png,0
2025-06-14 16-29-55.png,0
2025-06-14 16-29-55.png,0
2025-06-14 16-29-56.png,0
2025-06-14 16-29-56.png,0
2025-06-14 16-29-56.png,0
2025-06-14 16-29-56.png,0
2025-06-14 16-29-56.png,0
2025-06-14 16-29-56.png,0
2025-06-14 16-29-56.png,0
2025-06-14 16-29-56.png,0
2025-06-14 16-29-56.png,0
2025-06-14 16-29-56.png,0
2025-06-14 16-29-56.png,0
2025-06-14 16-29-57.png,0
2025-06-14 16-29-57.png,0
2025-06-14 16-29-57.png,0
2025-06-14 16-29-57.png,0
2025-06-14 16-29-57.png,0
2025-06-14 16-29-57.png,0
2025-06-14 16-29-57.png,0
2025-06-14 16-29-57.png,0
2025-06-14 16-29-57.png,0
2025-06-14 16-29-57.png,0
2025-06-14 16-29-57.png,0
2025-06-14 16-29-58.png,0
2025-06-14 16-29-58.png,0
2025-06-14 16-29-58.png,0
2025-06-14 16-29-58.png,0
2025-06-14 16-29-58.png,0
2025-06-14 16-29-58.png,0
2025-06-14 16-29-58.png,0
2025-06-14 16-29-58.png,0
2025-06-14 16-29-58.png,0
2025-06-14 16-29-58.png,0
2025-06-14 16-29-58.png,0
2025-06-14 16-29-58.png,0
2025-06-14 16-29-58.png,0
2025-06-14 16-29-59.png,0
2025-06-14 16-29-59.png,0
2025-06-14 16-29-59.png,0
2025-06-14 16-29-59.png,0
2025-06-14 16-29-59.png,0
2025-06-14 16-29-59.png,0
2025-06-14 16-29-59.png,0
2025-06-14 16-29-59.png,0
2025-06-14 16-29-59.png,0
2025-06-14 16-29-59.png,0
2025-06-14 16-29-59.png,0
2025-06-14 16-29-59.png,0
2025-06-14 16-30-00.png,0
2025-06-14 16-30-00.png,0
2025-06-14 16-30-00.png,0
2025-06-14 16-30-00.png,0
2025-06-14 16-30-00.png,0
2025-06-14 16-30-00.png,0
2025-06-14 16-30-00.png,0
2025-06-14 16-30-00.png,0
2025-06-14 16-30-00.png,0
2025-06-14 16-30-00.png,0
2025-06-14 16-30-00.png,0
2025-06-14 16-30-00.png,0
2025-06-14 16-30-00.png,0
2025-06-14 16-30-01.png,0
2025-06-14 16-30-01.png,0
2025-06-14 16-30-01.png,0
2025-06-14 16-30-01.png,0
2025-06-14 16-30-01.png,0
2025-06-14 16-30-01.png,0
2025-06-14 16-30-01.png,0
2025-06-14 16-30-01.png,0
2025-06-14 16-30-01.png,0
2025-06-14 16-30-01.png,0
2025-06-14 16-30-01.png,0
2025-06-14 16-30-55.png,0
2025-06-14 16-30-55.png,0
2025-06-14 16-30-56.png,0
2025-06-14 16-30-56.png,0
2025-06-14 16-30-56.png,0
2025-06-14 16-30-56.png,0
2025-06-14 16-30-56.png,0
2025-06-14 16-30-56.png,0
2025-06-14 16-30-56.png,0
2025-06-14 16-30-56.png,0
2025-06-14 16-30-56.png,0
2025-06-14 16-30-57.png,0
2025-06-14 16-30-57.png,0
2025-06-14 16-30-57.png,0
2025-06-14 16-30-57.png,0
2025-06-14 16-30-57.png,0
2025-06-14 16-30-57.png,0
2025-06-14 16-30-57.png,0
2025-06-14 16-30-57.png,0
2025-06-14 16-30-57.png,0
2025-06-14 16-30-58.png,0
2025-06-14 16-30-58.png,0
2025-06-14 16-30-58.png,0
2025-06-14 16-31-01.png,0
2025-06-14 16-31-02.png,0
2025-06-14 16-31-03.png,0
2025-06-14 16-31-04.png,0
2025-06-14 16-31-05.png,0
2025-06-14 16-31-06.png,-0.14
2025-06-14 16-31-07.png,0.02
2025-06-14 16-31-08.png,-0.22
2025-06-14 16-31-09.png,-0.06
2025-06-14 16-31-10.png,0.06
2025-06-14 16-31-11.png,0.2
2025-06-14 16-31-12.png,0.2
2025-06-14 16-31-13.png,0.2
2025-06-14 16-31-14.png,0.08
2025-06-14 16-31-15.png,-0.28
2025-06-14 16-31-17.png,-0.28
2025-06-14 16-31-18.png,-0.08
2025-06-14 16-31-19.png,0.2
2025-06-14 16-31-20.png,-0.16
2025-06-14 16-31-21.png,-0.48
2025-06-14 16-31-22.png,0.4
2025-06-14 16-31-23.png,0.5
2025-06-14 16-31-24.png,0.5
2025-06-14 16-31-25.png,0.5
2025-06-14 16-31-26.png,0.5
2025-06-14 16-31-27.png,0.5
2025-06-14 16-31-28.png,0.5
2025-06-14 16-31-29.png,0.5
2025-06-14 16-31-30.png,0.5
2025-06-14 16-31-32.png,0.5
2025-06-14 16-31-33.png,0.5
2025-06-14 16-31-34.png,0.5
2025-06-14 16-31-35.png,0.5
2025-06-14 16-31-36.png,0.5
2025-06-14 16-31-37.png,0.5
2025-06-14 16-31-38.png,0.5
2025-06-14 16-31-39.png,0.18
2025-06-14 16-31-40.png,-0.08
2025-06-14 16-31-41.png,0.04
2025-06-14 16-31-42.png,0.04
2025-06-14 16-31-43.png,-0.04
2025-06-14 16-31-44.png,-0.04
2025-06-14 16-31-45.png,-0.04
2025-06-14 16-31-46.png,-0.04
2025-06-14 16-31-48.png,-0.04
2025-06-14 16-31-49.png,-0.04
2025-06-14 16-31-50.png,-0.04
2025-06-14 16-31-51.png,-0.04
2025-06-14 16-31-52.png,-0.04
2025-06-14 16-31-53.png,0.0
2025-06-14 16-31-54.png,0.14
2025-06-14 16-31-55.png,0.04
2025-06-14 16-31-56.png,-0.04
2025-06-14 16-31-57.png,0.1
2025-06-14 16-31-58.png,0.1
2025-06-14 16-31-59.png,0.0
2025-06-14 16-32-00.png,-0.08
2025-06-14 16-32-01.png,-0.08
2025-06-14 16-32-01.png,-0.08
2025-06-14 16-32-01.png,-0.08
2025-06-14 16-32-01.png,-0.08
2025-06-14 16-32-01.png,-0.08
2025-06-14 16-32-01.png,-0.08
2025-06-14 16-32-01.png,-0.08
2025-06-14 16-32-01.png,-0.08
2025-06-14 16-32-02.png,-0.08
2025-06-14 16-32-02.png,-0.08
2025-06-14 16-32-02.png,-0.08
2025-06-14 16-32-02.png,-0.08
2025-06-14 16-32-02.png,-0.08
2025-06-14 16-32-02.png,-0.08
2025-06-14 16-32-02.png,-0.08
2025-06-14 16-32-02.png,-0.08
2025-06-14 16-32-02.png,-0.08
2025-06-14 16-32-02.png,-0.08
2025-06-14 16-32-02.png,-0.08
2025-06-14 16-32-03.png,-0.08
2025-06-14 16-32-03.png,-0.08
2025-06-14 16-32-03.png,-0.08
2025-06-14 16-32-03.png,-0.08
2025-06-14 16-32-03.png,0.5
2025-06-14 16-32-03.png,0.5
2025-06-14 16-32-03.png,0.5
2025-06-14 16-32-03.png,0.5
2025-06-14 16-32-03.png,0.5
2025-06-14 16-32-03.png,0.5
2025-06-14 16-32-04.png,0.5
2025-06-14 16-32-04.png,0.5
2025-06-14 16-32-04.png,0.5
2025-06-14 16-32-04.png,0.5
2025-06-14 16-32-04.png,0.5
2025-06-14 16-32-04.png,0.5
2025-06-14 16-32-04.png,0.5
2025-06-14 16-32-04.png,0.5
2025-06-14 16-32-04.png,0.5
2025-06-14 16-32-05.png,0.5
2025-06-14 16-32-05.png,-0.5
2025-06-14 16-32-05.png,-0.5
2025-06-14 16-32-05.png,-0.5
2025-06-14 16-32-05.png,-0.26
2025-06-14 16-32-05.png,0.5
2025-06-14 16-32-06.png,0.5
2025-06-14 16-32-06.png,0.5
2025-06-14 16-32-06.png,0.5
2025-06-14 16-32-06.png,-0.16
2025-06-14 16-32-06.png,-0.5
2025-06-14 16-32-06.png,-0.5
2025-06-14 16-32-06.png,-0.5
2025-06-14 16-32-07.png,-0.5
2025-06-14 16-32-07.png,-0.5
2025-06-14 16-32-07.png,-0.5
2025-06-14 16-32-07.png,0.14
2025-06-14 16-32-07.png,0.42
2025-06-14 16-32-07.png,0.42
2025-06-14 16-32-07.png,0.42
2025-06-14 16-32-07.png,0.42
2025-06-14 16-32-07.png,0.42
2025-06-14 16-32-08.png,0.14
2025-06-14 16-32-08.png,0.06
2025-06-14 16-32-08.png,0.06
2025-06-14 16-32-08.png,-0.46
2025-06-14 16-32-08.png,-0.46
2025-06-14 16-32-09.png,-0.46
2025-06-14 16-32-09.png,-0.2
2025-06-14 16-32-09.png,0.26
2025-06-14 16-32-09.png,0.26
2025-06-14 16-32-09.png,0.26
2025-06-14 16-32-09.png,0.26
2025-06-14 16-32-09.png,-0.36
2025-06-14 16-32-09.png,-0.36
2025-06-14 16-32-10.png,-0.5
2025-06-14 16-32-10.png,-0.5
2025-06-14 16-32-10.png,-0.5
2025-06-14 16-32-10.png,0.34
2025-06-14 16-32-10.png,0.5
2025-06-14 16-32-10.png,0.5
2025-06-14 16-32-10.png,0.5
2025-06-14 16-32-10.png,0.5
2025-06-14 16-32-10.png,0.5
2025-06-14 16-32-11.png,-0.1
2025-06-14 16-32-11.png,-0.1
2025-06-14 16-32-11.png,-0.1
2025-06-14 16-32-11.png,-0.1
2025-06-14 16-32-11.png,-0.1
2025-06-14 16-32-12.png,-0.1
2025-06-14 16-32-12.png,-0.1
2025-06-14 16-32-12.png,-0.1
2025-06-14 16-32-12.png,-0.1
2025-06-14 16-32-12.png,-0.1
2025-06-14 16-32-12.png,-0.1
2025-06-14 16-32-12.png,-0.1
2025-06-14 16-32-12.png,-0.1
2025-06-14 16-32-12.png,-0.1
2025-06-14 16-32-13.png,-0.1
2025-06-14 16-32-13.png,-0.1
2025-06-14 16-32-13.png,-0.1
2025-06-14 16-32-13.png,0.5
2025-06-14 16-32-13.png,0.5
2025-06-14 16-32-13.png,0.5
2025-06-14 16-32-13.png,0.5
2025-06-14 16-32-13.png,-0.04
2025-06-14 16-32-14.png,-0.04
2025-06-14 16-32-14.png,-0.04
2025-06-14 16-32-14.png,-0.04
2025-06-14 16-32-14.png,-0.04
2025-06-14 16-32-14.png,0.2
2025-06-14 16-32-15.png,0.42
2025-06-14 16-32-15.png,0.42
2025-06-14 16-32-15.png,-0.42
2025-06-14 16-32-15.png,-0.46
2025-06-14 16-32-15.png,-0.46
2025-06-14 16-32-15.png,-0.46
2025-06-14 16-32-15.png,0.5
2025-06-14 16-32-16.png,0.5
2025-06-14 16-32-16.png,0.5
2025-06-14 16-32-16.png,0.3
2025-06-14 16-32-16.png,-0.12
2025-06-14 16-32-16.png,-0.12
2025-06-14 16-32-16.png,-0.12
2025-06-14 16-32-16.png,-0.12
2025-06-14 16-32-17.png,-0.12
2025-06-14 16-32-17.png,-0.12
2025-06-14 16-32-17.png,-0.12
2025-06-14 16-32-17.png,-0.12
2025-06-14 16-32-17.png,-0.12
2025-06-14 16-32-18.png,0.12
2025-06-14 16-32-18.png,0.12
2025-06-14 16-32-18.png,-0.02
2025-06-14 16-32-18.png,-0.36
2025-06-14 16-32-18.png,-0.36
2025-06-14 16-32-18.png,-0.36
2025-06-14 16-32-18.png,0.42
2025-06-14 16-32-19.png,0.42
2025-06-14 16-32-19.png,0.42
2025-06-14 16-32-19.png,-0.14
2025-06-14 16-32-19.png,-0.2
2025-06-14 16-32-19.png,-0.2
2025-06-14 16-32-19.png,-0.2
2025-06-14 16-32-20.png,-0.2
2025-06-14 16-32-20.png,0.36
2025-06-14 16-32-20.png,0.36
2025-06-14 16-32-20.png,0.36
2025-06-14 16-32-20.png,-0.28
2025-06-14 16-32-20.png,-0.28
2025-06-14 16-32-20.png,-0.28
2025-06-14 16-32-21.png,0.32
2025-06-14 16-32-21.png,0.32
2025-06-14 16-32-21.png,0.32
2025-06-14 16-32-21.png,0.32
2025-06-14 16-32-21.png,0.32
2025-06-14 16-32-21.png,0.0
2025-06-14 16-32-21.png,0.0
2025-06-14 16-32-21.png,0.0
2025-06-14 16-32-22.png,-0.2
2025-06-14 16-32-22.png,-0.5
2025-06-14 16-32-22.png,-0.5
2025-06-14 16-32-22.png,-0.24
2025-06-14 16-32-22.png,0.4
2025-06-14 16-32-22.png,0.4
2025-06-14 16-32-22.png,0.4
2025-06-14 16-32-23.png,0.4
2025-06-14 16-32-23.png,0.4
2025-06-14 16-32-23.png,-0.44
2025-06-14 16-32-23.png,-0.5
2025-06-14 16-32-23.png,-0.5
2025-06-14 16-32-23.png,-0.5
2025-06-14 16-32-23.png,0.02
2025-06-14 16-32-23.png,0.2
2025-06-14 16-32-23.png,0.2
2025-06-14 16-32-24.png,0.2
2025-06-14 16-32-24.png,0.2
2025-06-14 16-32-24.png,0.2
2025-06-14 16-32-24.png,0.2
2025-06-14 16-32-24.png,0.16
2025-06-14 16-32-24.png,-0.5
2025-06-14 16-32-24.png,-0.5
2025-06-14 16-32-24.png,-0.5
2025-06-14 16-32-25.png,-0.5
2025-06-14 16-32-25.png,0.38
2025-06-14 16-32-25.png,0.38
2025-06-14 16-32-25.png,0.38
2025-06-14 16-32-25.png,0.38
2025-06-14 16-32-25.png,0.38
2025-06-14 16-32-25.png,0.38
2025-06-14 16-32-25.png,0.38
2025-06-14 16-32-25.png,0.38
2025-06-14 16-32-26.png,0.38
2025-06-14 16-32-26.png,0.38
2025-06-14 16-32-26.png,0.38
2025-06-14 16-32-26.png,0.38
2025-06-14 16-32-26.png,0.38
2025-06-14 16-32-26.png,0.38
2025-06-14 16-32-26.png,0.38
2025-06-14 16-32-26.png,0.38
2025-06-14 16-32-26.png,0.38
2025-06-14 16-32-27.png,0.38
2025-06-14 16-32-27.png,0.38
2025-06-14 16-32-27.png,0.38
2025-06-14 16-32-27.png,0.38
2025-06-14 16-32-27.png,0.38
2025-06-14 16-32-27.png,0.38
2025-06-14 16-32-27.png,0.38
2025-06-14 16-32-27.png,0.382025-06-16 17-21-09.png,0
2025-06-16 17-21-10.png,0
2025-06-16 17-21-11.png,0
2025-06-16 17-21-12.png,0
2025-06-16 17-21-14.png,0
2025-06-16 17-23-03.png,0
2025-06-16 17-23-04.png,0
2025-06-16 17-23-05.png,0
2025-06-16 17-23-06.png,0
2025-06-16 17-23-08.png,0
2025-06-16 17-23-09.png,0
2025-06-16 17-23-10.png,0
2025-06-16 17-23-11.png,0
2025-06-16 17-23-12.png,0
2025-06-16 17-23-13.png,0
2025-06-16 17-23-14.png,0
2025-06-16 17-23-15.png,0
2025-06-16 17-23-16.png,0
2025-06-16 17-23-17.png,0
2025-06-16 17-23-18.png,0
2025-06-16 17-23-19.png,0
2025-06-16 17-23-20.png,0
2025-06-16 17-23-21.png,0
2025-06-16 17-23-22.png,0
2025-06-16 17-23-23.png,0
2025-06-16 17-23-24.png,0
2025-06-16 17-23-25.png,0
2025-06-16 17-23-26.png,0
2025-06-16 17-23-27.png,0
2025-06-16 17-23-28.png,0
2025-06-16 17-23-30.png,0
2025-06-16 17-23-31.png,-0.1
2025-06-16 17-23-32.png,0.02
2025-06-16 17-23-33.png,-0.06
2025-06-16 17-23-34.png,-0.06
2025-06-16 17-23-35.png,-0.16
2025-06-16 17-23-36.png,-0.04
2025-06-16 17-23-37.png,-0.06
2025-06-16 17-23-38.png,-0.16
2025-06-16 17-23-39.png,-0.02
2025-06-16 17-23-40.png,-0.1
2025-06-16 17-23-41.png,-0.18
2025-06-16 17-23-42.png,-0.04
2025-06-16 17-23-43.png,0.08
2025-06-16 17-23-44.png,-0.06
2025-06-16 17-23-45.png,0.0
2025-06-16 17-23-46.png,-0.14
2025-06-16 17-23-47.png,-0.14
2025-06-16 17-23-48.png,-0.14
2025-06-16 17-23-50.png,-0.14
2025-06-16 17-23-51.png,0.5
2025-06-16 17-23-52.png,0.5
2025-06-16 17-23-53.png,0.5
2025-06-16 17-23-54.png,-0.5
2025-06-16 17-23-55.png,-0.5
2025-06-16 17-24-18.png,0
2025-06-16 17-24-19.png,0
2025-06-16 17-24-20.png,0
2025-06-16 17-24-21.png,0
2025-06-16 17-24-22.png,0
2025-06-16 17-24-23.png,0
2025-06-16 17-24-24.png,0
2025-06-16 17-24-25.png,0
2025-06-16 17-24-26.png,0
2025-06-16 17-24-27.png,0
2025-06-16 17-24-28.png,0
2025-06-16 17-24-29.png,0
2025-06-16 17-24-30.png,0
2025-06-16 17-24-31.png,0
2025-06-16 17-24-32.png,0
2025-06-16 17-24-33.png,0
2025-06-16 17-24-34.png,0
2025-06-16 17-24-36.png,0
2025-06-16 17-24-37.png,0
2025-06-16 17-24-38.png,0
2025-06-16 17-24-39.png,0
2025-06-16 17-24-40.png,0
2025-06-16 17-24-41.png,0
2025-06-16 17-24-42.png,0
2025-06-16 17-24-43.png,0
2025-06-16 17-24-44.png,0
2025-06-16 17-24-45.png,0
2025-06-16 17-24-46.png,-0.1
2025-06-16 17-24-47.png,-0.1
2025-06-16 17-24-48.png,-0.1
2025-06-16 17-24-49.png,-0.06
2025-06-16 17-24-50.png,-0.06
2025-06-16 17-24-51.png,-0.06
2025-06-16 17-24-52.png,0.0
2025-06-16 17-24-53.png,-0.08
2025-06-16 17-24-54.png,0.0
2025-06-16 17-24-56.png,-0.06
2025-06-16 17-24-57.png,-0.16
2025-06-16 17-24-58.png,0.18
2025-06-16 17-24-59.png,-0.1
2025-06-16 17-25-00.png,-0.06
2025-06-16 17-25-01.png,0.0
2025-06-16 17-25-02.png,0.0
2025-06-16 17-25-03.png,0.0
2025-06-16 17-25-04.png,0.06
2025-06-16 17-25-05.png,0.0
2025-06-16 17-25-06.png,0.0
2025-06-16 17-25-07.png,0.0
2025-06-16 17-25-08.png,0.04
2025-06-16 17-25-09.png,0.0
2025-06-16 17-25-10.png,0.0
2025-06-16 17-25-11.png,0.0
2025-06-16 17-25-12.png,0.0
2025-06-16 17-25-13.png,0.0
2025-06-16 17-25-15.png,0.0
2025-06-16 17-25-16.png,0.0
2025-06-16 17-25-17.png,0.0
2025-06-16 17-25-18.png,0.0
2025-06-16 17-25-19.png,0.0
2025-06-16 17-25-20.png,0.04
2025-06-16 17-25-21.png,0.02
2025-06-16 17-25-22.png,0.02
2025-06-16 17-25-23.png,-0.06
2025-06-16 17-25-24.png,-0.06
2025-06-16 17-25-25.png,-0.04
2025-06-16 17-25-26.png,0.04
2025-06-16 17-25-27.png,0.04
2025-06-16 17-25-28.png,-0.02
2025-06-16 17-25-29.png,0.02
2025-06-16 17-25-30.png,0.02
2025-06-16 17-25-31.png,-0.04
2025-06-16 17-25-32.png,-0.06
2025-06-16 17-25-33.png,0.0
2025-06-16 17-25-35.png,0.0
2025-06-16 17-25-36.png,0.0
2025-06-16 17-25-37.png,0.0
2025-06-16 17-25-38.png,0.0
2025-06-16 17-25-39.png,-0.08
2025-06-16 17-25-40.png,0.0
2025-06-16 17-25-41.png,-0.1
2025-06-16 17-25-42.png,-0.02
2025-06-16 17-25-43.png,-0.02
2025-06-16 17-25-44.png,-0.04
2025-06-16 17-25-45.png,-0.04
2025-06-16 17-25-46.png,-0.04
2025-06-16 17-25-47.png,-0.04
2025-06-16 17-25-48.png,-0.04
2025-06-16 17-25-49.png,-0.04
2025-06-16 17-25-50.png,-0.04
2025-06-16 17-25-51.png,0.04
2025-06-16 17-25-52.png,-0.04
2025-06-16 17-25-54.png,-0.04
2025-06-16 17-25-55.png,-0.02
2025-06-16 17-25-56.png,-0.02
2025-06-16 17-25-57.png,-0.02
2025-06-16 17-25-58.png,-0.02
2025-06-16 17-25-59.png,-0.02
2025-06-16 17-26-00.png,-0.02
2025-06-16 17-26-01.png,-0.02
2025-06-16 17-26-02.png,-0.02
2025-06-16 17-26-03.png,0.04
2025-06-16 17-26-04.png,0.02
2025-06-16 17-26-05.png,0.02
2025-06-16 17-26-06.png,0.02
2025-06-16 17-26-07.png,-0.02
2025-06-16 17-26-08.png,0.04
2025-06-16 17-26-09.png,0.0
2025-06-16 17-26-10.png,0.04
2025-06-16 17-26-11.png,-0.02
2025-06-16 17-26-12.png,-0.02
2025-06-16 17-26-14.png,0.02
2025-06-16 17-26-15.png,0.02
2025-06-16 17-26-16.png,-0.08
2025-06-16 17-26-17.png,-0.02
2025-06-16 17-26-18.png,0.0
2025-06-16 17-26-19.png,0.02
2025-06-16 17-26-20.png,-0.06
2025-06-16 17-26-21.png,0.0
2025-06-16 17-26-22.png,-0.02
2025-06-16 17-26-23.png,-0.08
2025-06-16 17-26-24.png,-0.08
2025-06-16 17-26-25.png,-0.06
2025-06-16 17-26-26.png,0.04
2025-06-16 17-26-27.png,-0.06
2025-06-16 17-26-28.png,-0.04
2025-06-16 17-26-29.png,-0.1
2025-06-16 17-26-30.png,-0.02
2025-06-16 17-26-31.png,-0.02
2025-06-16 17-26-32.png,-0.02
2025-06-16 17-26-34.png,-0.02
2025-06-16 17-26-35.png,0.02
2025-06-16 17-26-36.png,0.02
2025-06-16 17-26-37.png,0.02
2025-06-16 17-26-38.png,0.02
2025-06-16 17-26-39.png,0.02
2025-06-16 17-26-40.png,0.1
2025-06-16 17-26-41.png,0.02
2025-06-16 17-26-42.png,0.12
2025-06-16 17-26-43.png,0.14
2025-06-16 17-26-44.png,0.08
2025-06-16 17-26-45.png,0.02
2025-06-16 17-26-46.png,0.02
2025-06-16 17-26-47.png,-0.04
2025-06-16 17-26-48.png,-0.18
2025-06-16 17-26-49.png,-0.1
2025-06-16 17-26-50.png,0.1
2025-06-16 17-26-51.png,-0.02
2025-06-16 17-26-52.png,-0.02
2025-06-16 17-26-54.png,-0.02
2025-06-16 17-26-55.png,-0.1
2025-06-16 17-26-56.png,-0.1
2025-06-16 17-26-57.png,-0.1
2025-06-16 17-26-58.png,-0.02
2025-06-16 17-26-59.png,0.0
2025-06-16 17-27-00.png,-0.08
2025-06-16 17-27-01.png,-0.08
2025-06-16 17-27-02.png,-0.08
2025-06-16 17-27-03.png,-0.08
2025-06-16 17-27-04.png,-0.08
2025-06-16 17-27-05.png,0.02
2025-06-16 17-27-06.png,-0.04
2025-06-16 17-27-07.png,-0.04
2025-06-16 17-27-08.png,-0.02
2025-06-16 17-27-09.png,-0.02
2025-06-16 17-27-10.png,-0.02
2025-06-16 17-27-11.png,-0.02
2025-06-16 17-27-12.png,0.02
2025-06-16 17-27-14.png,0.02
2025-06-16 17-27-15.png,0.02
2025-06-16 17-27-16.png,-0.02
2025-06-16 17-27-17.png,-0.02
2025-06-16 17-27-18.png,-0.02
2025-06-16 17-27-19.png,0.28
2025-06-16 17-27-20.png,0.42
2025-06-16 17-27-21.png,0.04
2025-06-16 17-27-22.png,-0.16
2025-06-16 17-27-23.png,-0.06
2025-06-16 17-27-24.png,-0.04
2025-06-16 17-27-25.png,-0.04
2025-06-16 17-27-26.png,-0.04
2025-06-16 17-27-27.png,-0.04
2025-06-16 17-27-28.png,-0.04
2025-06-16 17-27-29.png,-0.12
2025-06-16 17-27-30.png,-0.12
2025-06-16 17-27-31.png,-0.02
2025-06-16 17-27-32.png,0.04
2025-06-16 17-27-34.png,-0.02
2025-06-16 17-27-35.png,0.02
2025-06-16 17-27-36.png,0.02
2025-06-16 17-27-37.png,0.02
2025-06-16 17-27-38.png,-0.02
2025-06-16 17-27-39.png,-0.02
2025-06-16 17-27-40.png,-0.02
2025-06-16 17-27-41.png,0.0
2025-06-16 17-27-42.png,0.0
2025-06-16 17-27-43.png,0.0
2025-06-16 17-27-44.png,-0.08
2025-06-16 17-27-45.png,-0.04
2025-06-16 17-27-46.png,-0.04
2025-06-16 17-27-47.png,-0.12
2025-06-16 17-27-48.png,-0.04
2025-06-16 17-27-49.png,-0.12
2025-06-16 17-27-50.png,-0.04
2025-06-16 17-27-51.png,-0.04
2025-06-16 17-27-53.png,0.06
2025-06-16 17-27-54.png,-0.12
2025-06-16 17-27-55.png,0.04
2025-06-16 17-27-56.png,-0.02
2025-06-16 17-27-57.png,0.06
2025-06-16 17-27-58.png,0.0
2025-06-16 17-27-59.png,0.0
2025-06-16 17-28-00.png,0.0
2025-06-16 17-28-01.png,0.0
2025-06-16 17-28-02.png,0.0
2025-06-16 17-28-03.png,-0.08
2025-06-16 17-28-04.png,0.0
2025-06-16 17-28-05.png,-0.1
2025-06-16 17-28-06.png,0.0
2025-06-16 17-28-07.png,-0.08
2025-06-16 17-28-08.png,0.0
2025-06-16 17-28-09.png,-0.1
2025-06-16 17-28-10.png,-0.1
2025-06-16 17-28-11.png,0.0
2025-06-16 17-28-13.png,0.0
2025-06-16 17-28-14.png,0.0
2025-06-16 17-28-15.png,0.32
2025-06-16 17-28-16.png,0.26
2025-06-16 17-28-17.png,-0.02
2025-06-16 17-28-18.png,-0.12
2025-06-16 17-28-19.png,-0.12
2025-06-16 17-28-20.png,-0.04
2025-06-16 17-28-21.png,-0.04
2025-06-16 17-28-22.png,-0.06
2025-06-16 17-28-23.png,-0.04
2025-06-16 17-28-24.png,-0.04
2025-06-16 17-28-25.png,-0.02
2025-06-16 17-28-26.png,-0.04
2025-06-16 17-28-27.png,0.02
2025-06-16 17-28-28.png,-0.04
2025-06-16 17-28-29.png,0.02
2025-06-16 17-28-30.png,-0.04
2025-06-16 17-28-31.png,-0.04
2025-06-16 17-28-33.png,-0.04
2025-06-16 17-28-34.png,-0.02
2025-06-16 17-28-35.png,-0.02
2025-06-16 17-28-36.png,0.0
2025-06-16 17-28-37.png,0.0
2025-06-16 17-28-38.png,0.0
2025-06-16 17-28-39.png,0.0
2025-06-16 17-28-40.png,0.0
2025-06-16 17-28-41.png,0.0
2025-06-16 17-28-42.png,0.0
2025-06-16 17-28-43.png,0.0
2025-06-16 17-28-44.png,0.0
2025-06-16 17-28-45.png,0.0
2025-06-16 17-28-46.png,0.0
2025-06-16 17-28-47.png,0.0
2025-06-16 17-28-48.png,0.0
2025-06-16 17-28-49.png,0.0
2025-06-16 17-28-50.png,0.0
2025-06-16 17-28-51.png,-0.02
2025-06-16 17-28-53.png,-0.06
2025-06-16 17-28-54.png,0.04
2025-06-16 17-28-55.png,-0.04
2025-06-16 17-28-56.png,-0.06
2025-06-16 17-28-57.png,-0.06
2025-06-16 17-28-58.png,0.02
2025-06-16 17-28-59.png,-0.1
2025-06-16 17-29-00.png,-0.1
2025-06-16 17-29-01.png,-0.04
2025-06-16 17-29-02.png,-0.12
2025-06-16 17-29-03.png,-0.02
2025-06-16 17-29-04.png,-0.04
2025-06-16 17-29-05.png,-0.06
2025-06-16 17-29-06.png,-0.06
2025-06-16 17-29-07.png,-0.04
2025-06-16 17-29-08.png,-0.06
2025-06-16 17-29-09.png,0.0
2025-06-16 17-29-10.png,0.0
2025-06-16 17-29-11.png,0.0
2025-06-16 17-29-13.png,0.0
2025-06-16 17-29-14.png,0.0
2025-06-16 17-29-15.png,0.0
2025-06-16 17-29-16.png,0.0
2025-06-16 17-29-17.png,0.0
2025-06-16 17-29-18.png,0.0
2025-06-16 17-29-19.png,0.0
2025-06-16 17-29-20.png,0.0
2025-06-16 17-29-21.png,0.0
2025-06-16 17-29-22.png,0.0
2025-06-16 17-29-23.png,0.0
2025-06-16 17-29-24.png,0.0
2025-06-16 17-29-25.png,0.0
2025-06-16 17-29-26.png,0.0
2025-06-16 17-29-27.png,0.0
2025-06-16 17-29-28.png,0.0
2025-06-16 17-29-29.png,0.0
2025-06-16 17-29-30.png,0.0
2025-06-16 17-29-32.png,0.0
2025-06-16 17-29-33.png,0.02
2025-06-16 17-29-34.png,-0.06
2025-06-16 17-29-35.png,-0.14
2025-06-16 17-29-36.png,0.18
2025-06-16 17-29-37.png,0.16
2025-06-16 17-29-38.png,-0.16
2025-06-16 17-29-39.png,-0.04
2025-06-16 17-29-40.png,0.08
2025-06-16 17-29-41.png,-0.24
2025-06-16 17-29-42.png,0.02
2025-06-16 17-29-43.png,0.06
2025-06-16 17-29-44.png,-0.04
2025-06-16 17-29-45.png,-0.04
2025-06-16 17-29-46.png,-0.04
2025-06-16 17-29-47.png,-0.18
2025-06-16 17-29-48.png,-0.14
2025-06-16 17-29-49.png,-0.02
2025-06-16 17-29-50.png,-0.08
2025-06-16 17-29-52.png,-0.08
2025-06-16 17-29-53.png,-0.08
2025-06-16 17-29-54.png,-0.06
2025-06-16 17-29-55.png,-0.06
2025-06-16 17-29-56.png,-0.06
2025-06-16 17-29-57.png,0.02
2025-06-16 17-29-58.png,0.0
2025-06-16 17-29-59.png,0.0
2025-06-16 17-30-00.png,0.04
2025-06-16 17-30-01.png,-0.02
2025-06-16 17-30-02.png,-0.02
2025-06-16 17-30-03.png,0.06
2025-06-16 17-30-04.png,0.02
2025-06-16 17-30-05.png,-0.04
2025-06-16 17-30-06.png,0.02
2025-06-16 17-30-07.png,0.0
2025-06-16 17-30-08.png,-0.02
2025-06-16 17-30-09.png,-0.02
2025-06-16 17-30-10.png,-0.02
2025-06-16 17-30-12.png,-0.02
2025-06-16 17-30-13.png,0.0
2025-06-16 17-30-14.png,0.0
2025-06-16 17-30-15.png,0.0
2025-06-16 17-30-16.png,0.0
2025-06-16 17-30-17.png,0.0
2025-06-16 17-30-18.png,0.0
2025-06-16 17-30-19.png,0.06
2025-06-16 17-30-20.png,-0.04
2025-06-16 17-30-21.png,0.04
2025-06-16 17-30-22.png,0.0
2025-06-16 17-30-23.png,0.0
2025-06-16 17-30-24.png,0.0
2025-06-16 17-30-25.png,0.0
2025-06-16 17-30-26.png,0.0
2025-06-16 17-30-27.png,0.0
2025-06-16 17-30-28.png,0.04
2025-06-16 17-30-29.png,0.04
2025-06-16 17-30-30.png,-0.02
2025-06-16 17-30-32.png,0.04
2025-06-16 17-30-33.png,-0.04
2025-06-16 17-30-34.png,0.0
2025-06-16 17-30-35.png,0.0
2025-06-16 17-30-36.png,0.0
2025-06-16 17-30-37.png,0.0
2025-06-16 17-30-38.png,0.0
2025-06-16 17-30-39.png,0.0
2025-06-16 17-30-40.png,0.0
2025-06-16 17-30-41.png,0.0
2025-06-16 17-30-42.png,0.08
2025-06-16 17-30-43.png,-0.04
2025-06-16 17-30-44.png,0.04
2025-06-16 17-30-45.png,-0.06
2025-06-16 17-30-46.png,-0.1
2025-06-16 17-30-47.png,0.02
2025-06-16 17-30-48.png,-0.1
2025-06-16 17-30-49.png,-0.02
2025-06-16 17-30-50.png,-0.02
2025-06-16 17-30-52.png,-0.16
2025-06-16 17-30-53.png,-0.06
2025-06-16 17-30-54.png,-0.1
2025-06-16 17-30-55.png,0.0
2025-06-16 17-30-56.png,-0.06
2025-06-16 17-30-57.png,-0.06
2025-06-16 17-30-58.png,0.0
2025-06-16 17-30-59.png,0.04
2025-06-16 17-31-00.png,-0.02
2025-06-16 17-31-01.png,0.0
2025-06-16 17-31-02.png,-0.08
2025-06-16 17-31-03.png,0.02
2025-06-16 17-31-04.png,-0.02
2025-06-16 17-31-05.png,-0.02
2025-06-16 17-31-06.png,0.06
2025-06-16 17-31-07.png,0.0
2025-06-16 17-31-08.png,0.0
2025-06-16 17-31-09.png,0.0
2025-06-16 17-31-10.png,0.0
2025-06-16 17-31-12.png,0.0
2025-06-16 17-31-13.png,0.0
2025-06-16 17-31-14.png,0.0
2025-06-16 17-31-15.png,-0.02
2025-06-16 17-31-16.png,0.0
2025-06-16 17-31-17.png,-0.02
2025-06-16 17-31-18.png,-0.02
2025-06-16 17-31-19.png,-0.02
2025-06-16 17-31-20.png,0.0
2025-06-16 17-31-21.png,0.0
2025-06-16 17-31-22.png,0.0
2025-06-16 17-31-23.png,0.04
2025-06-16 17-31-24.png,-0.02
2025-06-16 17-31-25.png,-0.02
2025-06-16 17-31-26.png,0.06
2025-06-16 17-31-27.png,0.0
2025-06-16 17-31-28.png,0.0
2025-06-16 17-31-29.png,0.0
2025-06-16 17-31-30.png,0.0
2025-06-16 17-31-32.png,0.0
2025-06-16 17-31-33.png,0.0
2025-06-16 17-31-34.png,0.0
2025-06-16 17-31-35.png,0.0
2025-06-16 17-31-36.png,0.0
2025-06-16 17-31-37.png,-0.04
2025-06-16 17-31-38.png,-0.04
2025-06-16 17-31-39.png,-0.14
2025-06-16 17-31-40.png,0.0
2025-06-16 17-31-41.png,-0.04
2025-06-16 17-31-42.png,0.04
2025-06-16 17-31-43.png,-0.04
2025-06-16 17-31-44.png,-0.04
2025-06-16 17-31-45.png,-0.04
2025-06-16 17-31-46.png,-0.04
2025-06-16 17-31-47.png,-0.04
2025-06-16 17-31-48.png,0.04
2025-06-16 17-31-49.png,-0.04
2025-06-16 17-31-50.png,-0.04
2025-06-16 17-31-52.png,-0.04
2025-06-16 17-31-53.png,-0.04
2025-06-16 17-31-54.png,-0.04
2025-06-16 17-31-55.png,-0.08
2025-06-16 17-31-56.png,-0.08
2025-06-16 17-31-57.png,-0.04
2025-06-16 17-31-58.png,0.06
2025-06-16 17-31-59.png,-0.06
2025-06-16 17-32-00.png,0.02
2025-06-16 17-32-01.png,0.02
2025-06-16 17-32-02.png,-0.02
2025-06-16 17-32-03.png,-0.02
2025-06-16 17-32-04.png,0.08
2025-06-16 17-32-05.png,0.0
2025-06-16 17-32-06.png,0.0
2025-06-16 17-32-07.png,0.0
2025-06-16 17-32-08.png,0.0
2025-06-16 17-32-09.png,0.0
2025-06-16 17-32-10.png,0.0
2025-06-16 17-32-11.png,0.0
2025-06-16 17-32-13.png,0.0
2025-06-16 17-32-14.png,0.0
2025-06-16 17-32-15.png,-0.06
2025-06-16 17-32-16.png,0.06
2025-06-16 17-32-17.png,0.0
2025-06-16 17-32-18.png,0.0
2025-06-16 17-32-19.png,0.04
2025-06-16 17-32-20.png,-0.14
2025-06-16 17-32-21.png,-0.06
2025-06-16 17-32-22.png,-0.1
2025-06-16 17-32-23.png,0.0
2025-06-16 17-32-24.png,-0.14
2025-06-16 17-32-25.png,-0.04
2025-06-16 17-32-26.png,-0.04
2025-06-16 17-32-27.png,-0.04
2025-06-16 17-32-28.png,-0.08
2025-06-16 17-32-29.png,-0.12
2025-06-16 17-32-30.png,0.06
2025-06-16 17-32-31.png,-0.02
2025-06-16 17-32-33.png,0.08
2025-06-16 17-32-34.png,0.02
2025-06-16 17-32-35.png,0.04
2025-06-16 17-32-36.png,-0.06
2025-06-16 17-32-37.png,0.02
2025-06-16 17-32-38.png,0.16
2025-06-16 17-32-39.png,0.08
2025-06-16 17-32-40.png,0.04
2025-06-16 17-32-41.png,0.1
2025-06-16 17-32-42.png,0.08
2025-06-16 17-32-43.png,0.18
2025-06-16 17-32-44.png,-0.06
2025-06-16 17-32-45.png,-0.06
2025-06-16 17-32-46.png,-0.14
2025-06-16 17-32-47.png,0.0
2025-06-16 17-32-48.png,-0.06
2025-06-16 17-32-49.png,-0.06
2025-06-16 17-32-50.png,-0.04
2025-06-16 17-32-52.png,-0.16
2025-06-16 17-32-53.png,-0.04
2025-06-16 17-32-54.png,-0.08
2025-06-16 17-32-55.png,0.0
2025-06-16 17-32-56.png,0.0
2025-06-16 17-32-57.png,-0.14
2025-06-16 17-32-58.png,-0.04
2025-06-16 17-32-59.png,-0.1
2025-06-16 17-33-00.png,0.02
2025-06-16 17-33-01.png,-0.1
2025-06-16 17-33-02.png,-0.1
2025-06-16 17-33-03.png,-0.08
2025-06-16 17-33-04.png,-0.06
2025-06-16 17-33-05.png,-0.12
2025-06-16 17-33-06.png,-0.06
2025-06-16 17-33-07.png,0.04
2025-06-16 17-33-08.png,-0.02
2025-06-16 17-33-09.png,-0.02
2025-06-16 17-33-10.png,0.02
2025-06-16 17-33-12.png,0.04
2025-06-16 17-33-13.png,0.06
2025-06-16 17-33-14.png,-0.02
2025-06-16 17-33-15.png,-0.02
2025-06-16 17-33-16.png,-0.02
2025-06-16 17-33-17.png,0.14
2025-06-16 17-33-18.png,0.5
2025-06-16 17-33-19.png,0.12
2025-06-16 17-33-20.png,-0.08
2025-06-16 17-33-21.png,-0.08
2025-06-16 17-33-22.png,-0.02
2025-06-16 17-33-23.png,-0.14
2025-06-16 17-33-24.png,-0.16
2025-06-16 17-33-25.png,-0.06
2025-06-16 17-33-26.png,-0.02
2025-06-16 17-33-27.png,-0.08
2025-06-16 17-33-28.png,-0.08
2025-06-16 17-33-29.png,-0.08
2025-06-16 17-33-30.png,-0.08
2025-06-16 17-33-32.png,0.02
2025-06-16 17-33-33.png,0.02
2025-06-16 17-33-34.png,-0.02
2025-06-16 17-33-35.png,0.02
2025-06-16 17-33-36.png,0.04
2025-06-16 17-33-37.png,0.04
2025-06-16 17-33-38.png,0.0
2025-06-16 17-33-39.png,0.0
2025-06-16 17-33-40.png,0.0
2025-06-16 17-33-41.png,-0.04
2025-06-16 17-33-42.png,-0.04
2025-06-16 17-33-43.png,-0.04
2025-06-16 17-33-44.png,-0.06
2025-06-16 17-33-45.png,-0.06
2025-06-16 17-33-46.png,-0.14
2025-06-16 17-33-47.png,-0.04
2025-06-16 17-33-48.png,-0.04
2025-06-16 17-33-49.png,-0.1
2025-06-16 17-33-50.png,-0.02
2025-06-16 17-33-52.png,-0.02
2025-06-16 17-33-53.png,-0.02
2025-06-16 17-33-54.png,-0.02
2025-06-16 17-33-55.png,0.04
2025-06-16 17-33-56.png,0.08
2025-06-16 17-33-57.png,0.0
2025-06-16 17-33-58.png,0.0
2025-06-16 17-33-59.png,0.0
2025-06-16 17-34-00.png,0.0
2025-06-16 17-34-01.png,0.0
2025-06-16 17-34-02.png,-0.08
2025-06-16 17-34-03.png,-0.08
2025-06-16 17-34-04.png,-0.1
2025-06-16 17-34-05.png,-0.04
2025-06-16 17-34-07.png,-0.04
2025-06-16 17-34-08.png,-0.08
2025-06-16 17-34-09.png,-0.08
2025-06-16 17-34-10.png,-0.08
2025-06-16 17-34-11.png,-0.08
2025-06-16 17-34-12.png,-0.04
2025-06-16 17-34-13.png,0.04
2025-06-16 17-34-14.png,0.42
2025-06-16 17-34-15.png,0.4
2025-06-16 17-34-16.png,-0.06
2025-06-16 17-34-17.png,-0.22
2025-06-16 17-34-18.png,0.08
2025-06-16 17-34-19.png,-0.04
2025-06-16 17-34-20.png,-0.04
2025-06-16 17-34-21.png,-0.04
2025-06-16 17-34-22.png,-0.12
2025-06-16 17-34-23.png,-0.04
2025-06-16 17-34-24.png,-0.1
2025-06-16 17-34-26.png,0.02
2025-06-16 17-34-27.png,-0.18
2025-06-16 17-34-28.png,0.08
2025-06-16 17-34-29.png,-0.02
2025-06-16 17-34-30.png,-0.02
2025-06-16 17-34-31.png,0.04
2025-06-16 17-34-32.png,-0.02
2025-06-16 17-34-33.png,0.04
2025-06-16 17-34-34.png,0.02
2025-06-16 17-34-35.png,0.02
2025-06-16 17-34-36.png,-0.04
2025-06-16 17-34-37.png,0.02
2025-06-16 17-34-38.png,0.02
2025-06-16 17-34-39.png,-0.02
2025-06-16 17-34-40.png,-0.02
2025-06-16 17-34-41.png,0.06
2025-06-16 17-34-42.png,0.04
2025-06-16 17-34-43.png,0.02
2025-06-16 17-34-44.png,0.0
2025-06-16 17-34-46.png,0.06
2025-06-16 17-34-47.png,0.04
2025-06-16 17-34-48.png,-0.04
2025-06-16 17-34-49.png,0.0
2025-06-16 17-34-50.png,0.0
2025-06-16 17-34-51.png,0.0
2025-06-16 17-34-52.png,0.0
2025-06-16 17-34-53.png,0.0
2025-06-16 17-34-54.png,-0.06
2025-06-16 17-34-55.png,0.02
2025-06-16 17-34-56.png,-0.04
2025-06-16 17-34-57.png,-0.06
2025-06-16 17-34-58.png,-0.06
2025-06-16 17-34-59.png,-0.02
2025-06-16 17-35-00.png,-0.02
2025-06-16 17-35-01.png,-0.12
2025-06-16 17-35-02.png,-0.12
2025-06-16 17-35-03.png,-0.08
2025-06-16 17-35-04.png,-0.08
2025-06-16 17-35-06.png,-0.08
2025-06-16 17-35-07.png,-0.1
2025-06-16 17-35-08.png,0.08
2025-06-16 17-35-09.png,0.02
2025-06-16 17-35-10.png,0.02
2025-06-16 17-35-11.png,0.0
2025-06-16 17-35-12.png,0.0
2025-06-16 17-35-13.png,0.0
